INSERT INTO pesquisador (recorded_by, gbifID) VALUES ('Beckman, Ruana; Pena, José; Souza, Raíssa', 2365686427);
INSERT INTO pesquisador (recorded_by, gbifID) VALUES ('Sousa, Sandriel; Hernández, Luis; Rousseau, Guillaume', 2365686418);
INSERT INTO pesquisador (recorded_by, gbifID) VALUES ('Sousa, Anny; Sousa, Sandriel; Hernández, Luis', 2365686416);
INSERT INTO pesquisador (recorded_by, gbifID) VALUES ('Beckman, Ruana; Pena, José; Souza, Raíssa', 2365686414);
INSERT INTO pesquisador (recorded_by, gbifID) VALUES ('Beckman, Ruana; Pena, José; Souza, Raíssa', 2365686412);
INSERT INTO pesquisador (recorded_by, gbifID) VALUES ('Braga, Cesar; Ferreira, Viviane', 2365686409);
INSERT INTO pesquisador (recorded_by, gbifID) VALUES ('Hernández, Luis; Rousseau, Guillaume; Sousa, Sandriel', 2365686408);
INSERT INTO pesquisador (recorded_by, gbifID) VALUES ('Braga, Cesar; Ferreira, Viviane', 2365686407);
INSERT INTO pesquisador (recorded_by, gbifID) VALUES ('Beckman, Ruana; Pena, José; Souza, Raíssa', 2365686406);
INSERT INTO pesquisador (recorded_by, gbifID) VALUES ('Beckman, Ruana; Pena, José; Souza, Raíssa', 2365686405);
INSERT INTO pesquisador (recorded_by, gbifID) VALUES ('Muniz, Mairink', 2365686403);
INSERT INTO pesquisador (recorded_by, gbifID) VALUES ('Beckman, Ruana; Pena, José; Souza, Raíssa', 2365686397);
INSERT INTO pesquisador (recorded_by, gbifID) VALUES ('Beckman, Ruana; Pena, José; Souza, Raíssa', 2365686396);
INSERT INTO pesquisador (recorded_by, gbifID) VALUES ('Sousa, Sandriel; Hernández, Luis; Rousseau, Guillaume', 2365686394);
INSERT INTO pesquisador (recorded_by, gbifID) VALUES ('Beckman, Ruana; Pena, José; Souza, Raíssa', 2365686393);
INSERT INTO pesquisador (recorded_by, gbifID) VALUES ('Braga, Cesar; Ferreira, Viviane', 2365686392);
INSERT INTO pesquisador (recorded_by, gbifID) VALUES ('Sousa, Anny; Sousa, Sandriel; Hernández, Luis', 2365686391);
INSERT INTO pesquisador (recorded_by, gbifID) VALUES ('Sousa, Sandriel; Hernández, Luis; Rousseau, Guillaume', 2365686390);
INSERT INTO pesquisador (recorded_by, gbifID) VALUES ('Hernández, Luis; Rousseau, Guillaume; Sousa, Sandriel', 2365686389);
INSERT INTO pesquisador (recorded_by, gbifID) VALUES ('Beckman, Ruana; Pena, José; Souza, Raíssa', 2365686388);
INSERT INTO pesquisador (recorded_by, gbifID) VALUES ('Sousa, Sandriel; Hernández, Luis; Rousseau, Guillaume', 2365686387);
INSERT INTO pesquisador (recorded_by, gbifID) VALUES ('Braga, Cesar; Ferreira, Viviane', 2365686386);
INSERT INTO pesquisador (recorded_by, gbifID) VALUES ('Beckman, Ruana; Pena, José; Souza, Raíssa', 2365686385);
INSERT INTO pesquisador (recorded_by, gbifID) VALUES ('Braga, Cesar; Ferreira, Viviane', 2365686384);
INSERT INTO pesquisador (recorded_by, gbifID) VALUES ('Braga, Cesar; Ferreira, Viviane', 2365686382);
INSERT INTO pesquisador (recorded_by, gbifID) VALUES ('Beckman, Ruana; Pena, José; Souza, Raíssa', 2365686381);
INSERT INTO pesquisador (recorded_by, gbifID) VALUES ('Hernández, Luis; Rousseau, Guillaume; Sousa, Sandriel', 2365686380);
INSERT INTO pesquisador (recorded_by, gbifID) VALUES ('Beckman, Ruana; Pena, José; Souza, Raíssa', 2365686379);
INSERT INTO pesquisador (recorded_by, gbifID) VALUES ('Beckman, Ruana; Pena, José; Souza, Raíssa', 2365686377);
INSERT INTO pesquisador (recorded_by, gbifID) VALUES ('Beckman, Ruana; Pena, José; Souza, Raíssa', 2365686376);
INSERT INTO pesquisador (recorded_by, gbifID) VALUES ('Braga, Cesar; Ferreira, Viviane', 2365686375);
INSERT INTO pesquisador (recorded_by, gbifID) VALUES ('Braga, Cesar; Ferreira, Viviane', 2365686373);
INSERT INTO pesquisador (recorded_by, gbifID) VALUES ('Beckman, Ruana; Pena, José; Souza, Raíssa', 2365686370);
INSERT INTO pesquisador (recorded_by, gbifID) VALUES ('Romão, João', 2365686369);
INSERT INTO pesquisador (recorded_by, gbifID) VALUES ('Beckman, Ruana; Pena, José; Souza, Raíssa', 2365686367);
INSERT INTO pesquisador (recorded_by, gbifID) VALUES ('Sousa, Anny; Sousa, Sandriel; Hernández, Luis', 2365686366);
INSERT INTO pesquisador (recorded_by, gbifID) VALUES ('Beckman, Ruana; Pena, José; Souza, Raíssa', 2365686364);
INSERT INTO pesquisador (recorded_by, gbifID) VALUES ('Beckman, Ruana; Pena, José; Souza, Raíssa', 2365686362);
INSERT INTO pesquisador (recorded_by, gbifID) VALUES ('Hernández, Luis; Rousseau, Guillaume; Sousa, Sandriel', 2365686360);
INSERT INTO pesquisador (recorded_by, gbifID) VALUES ('Hernández, Luis; Rousseau, Guillaume; Sousa, Sandriel', 2365686359);
INSERT INTO pesquisador (recorded_by, gbifID) VALUES ('Beckman, Ruana; Pena, José; Souza, Raíssa', 2365686358);
INSERT INTO pesquisador (recorded_by, gbifID) VALUES ('Sousa, Sandriel; Hernández, Luis; Rousseau, Guillaume', 2365686356);
INSERT INTO pesquisador (recorded_by, gbifID) VALUES ('Silva, Roseanne; Rosa Filho, José', 2365686355);
INSERT INTO pesquisador (recorded_by, gbifID) VALUES ('Braga, Cesar; Ferreira, Viviane', 2365686354);
INSERT INTO pesquisador (recorded_by, gbifID) VALUES ('Beckman, Ruana; Pena, José; Souza, Raíssa', 2365686353);
INSERT INTO pesquisador (recorded_by, gbifID) VALUES ('Silva, Roseanne; Rosa Filho, José', 2365686347);
INSERT INTO pesquisador (recorded_by, gbifID) VALUES ('Beckman, Ruana; Pena, José; Souza, Raíssa', 2365686346);
INSERT INTO pesquisador (recorded_by, gbifID) VALUES ('Beckman, Ruana; Pena, José; Souza, Raíssa', 2365686343);
INSERT INTO pesquisador (recorded_by, gbifID) VALUES ('Beckman, Ruana; Pena, José; Souza, Raíssa', 2365686340);
INSERT INTO pesquisador (recorded_by, gbifID) VALUES ('Beckman, Ruana; Pena, José; Souza, Raíssa', 2365686339);
INSERT INTO pesquisador (recorded_by, gbifID) VALUES ('Sousa, Sandriel; Hernández, Luis; Rousseau, Guillaume', 2365686338);
INSERT INTO pesquisador (recorded_by, gbifID) VALUES ('Sousa, Anny; Sousa, Sandriel; Hernández, Luis', 2365686337);
INSERT INTO pesquisador (recorded_by, gbifID) VALUES ('Sousa, Anny; Sousa, Sandriel; Hernández, Luis', 2365686336);
INSERT INTO pesquisador (recorded_by, gbifID) VALUES ('Sousa, Sandriel; Hernández, Luis; Rousseau, Guillaume', 2365686332);
INSERT INTO pesquisador (recorded_by, gbifID) VALUES ('Beckman, Ruana; Pena, José; Souza, Raíssa', 2365686331);
INSERT INTO pesquisador (recorded_by, gbifID) VALUES ('Beckman, Ruana; Pena, José; Souza, Raíssa', 2365686330);
INSERT INTO pesquisador (recorded_by, gbifID) VALUES ('Braga, Cesar; Ferreira, Viviane', 2365686328);
INSERT INTO pesquisador (recorded_by, gbifID) VALUES ('Braga, Cesar; Ferreira, Viviane', 2365686325);
INSERT INTO pesquisador (recorded_by, gbifID) VALUES ('Beckman, Ruana; Pena, José; Souza, Raíssa', 2365686324);
INSERT INTO pesquisador (recorded_by, gbifID) VALUES ('Sousa, Anny; Sousa, Sandriel; Hernández, Luis', 2365686320);
INSERT INTO pesquisador (recorded_by, gbifID) VALUES ('Beckman, Ruana; Pena, José; Souza, Raíssa', 2365686318);
INSERT INTO pesquisador (recorded_by, gbifID) VALUES ('Beckman, Ruana; Pena, José; Souza, Raíssa', 2365686317);
INSERT INTO pesquisador (recorded_by, gbifID) VALUES ('Hernández, Luis; Rousseau, Guillaume; Sousa, Sandriel', 2365686316);
INSERT INTO pesquisador (recorded_by, gbifID) VALUES ('Beckman, Ruana; Pena, José; Souza, Raíssa', 2365686311);
INSERT INTO pesquisador (recorded_by, gbifID) VALUES ('Braga, Cesar; Ferreira, Viviane', 2365686308);
INSERT INTO pesquisador (recorded_by, gbifID) VALUES ('Braga, Cesar; Ferreira, Viviane', 2365686307);
INSERT INTO pesquisador (recorded_by, gbifID) VALUES ('Braga, Cesar; Ferreira, Viviane', 2365686304);
INSERT INTO pesquisador (recorded_by, gbifID) VALUES ('Beckman, Ruana; Pena, José; Souza, Raíssa', 2365686303);
INSERT INTO pesquisador (recorded_by, gbifID) VALUES ('Braga, Cesar; Ferreira, Viviane', 2365686200);
INSERT INTO pesquisador (recorded_by, gbifID) VALUES ('Muniz, Mairink', 2365686199);
INSERT INTO pesquisador (recorded_by, gbifID) VALUES ('Beckman, Ruana; Pena, José; Souza, Raíssa', 2365686198);
INSERT INTO pesquisador (recorded_by, gbifID) VALUES ('Silva, Roseanne; Rosa Filho, José', 2365686193);
INSERT INTO pesquisador (recorded_by, gbifID) VALUES ('Hernández, Luis; Rousseau, Guillaume; Sousa, Sandriel', 2365686192);
INSERT INTO pesquisador (recorded_by, gbifID) VALUES ('Hernández, Luis; Rousseau, Guillaume; Sousa, Sandriel', 2365686191);
INSERT INTO pesquisador (recorded_by, gbifID) VALUES ('Braga, Cesar; Ferreira, Viviane', 2365686190);
INSERT INTO pesquisador (recorded_by, gbifID) VALUES ('Sousa, Anny; Sousa, Sandriel; Hernández, Luis', 2365686189);
INSERT INTO pesquisador (recorded_by, gbifID) VALUES ('Hernández, Luis; Rousseau, Guillaume; Sousa, Sandriel', 2365686187);
INSERT INTO pesquisador (recorded_by, gbifID) VALUES ('Sousa, Anny; Sousa, Sandriel; Hernández, Luis', 2365686184);
INSERT INTO pesquisador (recorded_by, gbifID) VALUES ('Sousa, Anny; Sousa, Sandriel; Hernández, Luis', 2365686180);
INSERT INTO pesquisador (recorded_by, gbifID) VALUES ('Sousa, Anny; Sousa, Sandriel; Hernández, Luis', 2365686177);
INSERT INTO pesquisador (recorded_by, gbifID) VALUES ('Beckman, Ruana; Pena, José; Souza, Raíssa', 2365686175);
INSERT INTO pesquisador (recorded_by, gbifID) VALUES ('Beckman, Ruana; Pena, José; Souza, Raíssa', 2365686174);
INSERT INTO pesquisador (recorded_by, gbifID) VALUES ('Beckman, Ruana; Pena, José; Souza, Raíssa', 2365686173);
INSERT INTO pesquisador (recorded_by, gbifID) VALUES ('Beckman, Ruana; Pena, José; Souza, Raíssa', 2365686171);
INSERT INTO pesquisador (recorded_by, gbifID) VALUES ('Beckman, Ruana; Pena, José; Souza, Raíssa', 2365686165);
INSERT INTO pesquisador (recorded_by, gbifID) VALUES ('Beckman, Ruana; Pena, José; Souza, Raíssa', 2365686160);
INSERT INTO pesquisador (recorded_by, gbifID) VALUES ('Braga, Cesar; Ferreira, Viviane', 2365686158);
INSERT INTO pesquisador (recorded_by, gbifID) VALUES ('Sousa, Anny; Sousa, Sandriel; Hernández, Luis', 2365686157);
INSERT INTO pesquisador (recorded_by, gbifID) VALUES ('Sousa, Anny; Sousa, Sandriel; Hernández, Luis', 2365686154);
INSERT INTO pesquisador (recorded_by, gbifID) VALUES ('Braga, Cesar; Ferreira, Viviane', 2365686151);
INSERT INTO pesquisador (recorded_by, gbifID) VALUES ('Sousa, Anny; Sousa, Sandriel; Hernández, Luis', 2365686149);
INSERT INTO pesquisador (recorded_by, gbifID) VALUES ('Hernández, Luis; Rousseau, Guillaume; Sousa, Sandriel', 2365686148);
INSERT INTO pesquisador (recorded_by, gbifID) VALUES ('Beckman, Ruana; Pena, José; Souza, Raíssa', 2365686145);
INSERT INTO pesquisador (recorded_by, gbifID) VALUES ('Braga, Cesar; Ferreira, Viviane', 2365686144);
INSERT INTO pesquisador (recorded_by, gbifID) VALUES ('Sousa, Anny; Sousa, Sandriel; Hernández, Luis', 2365686139);
INSERT INTO pesquisador (recorded_by, gbifID) VALUES ('Beckman, Ruana; Pena, José; Souza, Raíssa', 2365686135);
INSERT INTO pesquisador (recorded_by, gbifID) VALUES ('Braga, Cesar; Ferreira, Viviane', 2365686133);
INSERT INTO pesquisador (recorded_by, gbifID) VALUES ('Braga, Cesar; Ferreira, Viviane', 2365686132);
INSERT INTO pesquisador (recorded_by, gbifID) VALUES ('Beckman, Ruana; Pena, José; Souza, Raíssa', 2365686129);
INSERT INTO pesquisador (recorded_by, gbifID) VALUES ('Beckman, Ruana; Pena, José; Souza, Raíssa', 2365686128);
INSERT INTO pesquisador (recorded_by, gbifID) VALUES ('Beckman, Ruana; Pena, José; Souza, Raíssa', 2365686125);
INSERT INTO pesquisador (recorded_by, gbifID) VALUES ('Beckman, Ruana; Pena, José; Souza, Raíssa', 2365686124);
INSERT INTO pesquisador (recorded_by, gbifID) VALUES ('Beckman, Ruana; Pena, José; Souza, Raíssa', 2365686123);
INSERT INTO pesquisador (recorded_by, gbifID) VALUES ('Beckman, Ruana; Pena, José; Souza, Raíssa', 2365686117);
INSERT INTO pesquisador (recorded_by, gbifID) VALUES ('Sousa, Anny; Sousa, Sandriel; Hernández, Luis', 2365686116);
INSERT INTO pesquisador (recorded_by, gbifID) VALUES ('Braga, Cesar; Ferreira, Viviane', 2365686115);
INSERT INTO pesquisador (recorded_by, gbifID) VALUES ('Braga, Cesar; Ferreira, Viviane', 2365686113);
INSERT INTO pesquisador (recorded_by, gbifID) VALUES ('Sousa, Anny; Sousa, Sandriel; Hernández, Luis', 2365686111);
INSERT INTO pesquisador (recorded_by, gbifID) VALUES ('Sousa, Anny; Sousa, Sandriel; Hernández, Luis', 2365686110);
INSERT INTO pesquisador (recorded_by, gbifID) VALUES ('Braga, Cesar; Ferreira, Viviane', 2365686106);
INSERT INTO pesquisador (recorded_by, gbifID) VALUES ('Beckman, Ruana; Pena, José; Souza, Raíssa', 2365686105);
INSERT INTO pesquisador (recorded_by, gbifID) VALUES ('Braga, Cesar; Ferreira, Viviane', 2365686103);
INSERT INTO pesquisador (recorded_by, gbifID) VALUES ('Braga, Cesar; Ferreira, Viviane', 2365686100);
INSERT INTO pesquisador (recorded_by, gbifID) VALUES ('Cardoso, E.', 2365686098);
INSERT INTO pesquisador (recorded_by, gbifID) VALUES ('Hernández, Luis; Rousseau, Guillaume; Sousa, Sandriel', 2365686094);
INSERT INTO pesquisador (recorded_by, gbifID) VALUES ('Sousa, Anny; Sousa, Sandriel; Hernández, Luis', 2365686088);
INSERT INTO pesquisador (recorded_by, gbifID) VALUES ('Santos, C.R.M; Amado, L.L.', 2365686087);
INSERT INTO pesquisador (recorded_by, gbifID) VALUES ('Braga, Cesar; Ferreira, Viviane', 2365686085);
INSERT INTO pesquisador (recorded_by, gbifID) VALUES ('Hernández, Luis; Rousseau, Guillaume; Sousa, Sandriel', 2365686083);
INSERT INTO pesquisador (recorded_by, gbifID) VALUES ('Beckman, Ruana; Pena, José; Souza, Raíssa', 2365686081);
INSERT INTO pesquisador (recorded_by, gbifID) VALUES ('Beckman, Ruana; Pena, José; Souza, Raíssa', 2365686079);
INSERT INTO pesquisador (recorded_by, gbifID) VALUES ('Beckman, Ruana; Pena, José; Souza, Raíssa', 2365686078);
INSERT INTO pesquisador (recorded_by, gbifID) VALUES ('Beckman, Ruana; Pena, José; Souza, Raíssa', 2365686077);
INSERT INTO pesquisador (recorded_by, gbifID) VALUES ('Beckman, Ruana; Pena, José; Souza, Raíssa', 2365686076);
INSERT INTO pesquisador (recorded_by, gbifID) VALUES ('Beckman, Ruana; Pena, José; Souza, Raíssa', 2365686074);
INSERT INTO pesquisador (recorded_by, gbifID) VALUES ('Braga, Cesar; Ferreira, Viviane', 2365686070);
INSERT INTO pesquisador (recorded_by, gbifID) VALUES ('Beckman, Ruana; Pena, José; Souza, Raíssa', 2365686066);
INSERT INTO pesquisador (recorded_by, gbifID) VALUES ('Braga, Cesar; Ferreira, Viviane', 2365686065);
INSERT INTO pesquisador (recorded_by, gbifID) VALUES ('Muniz, Mairink', 2365686061);
INSERT INTO pesquisador (recorded_by, gbifID) VALUES ('Beckman, Ruana; Pena, José; Souza, Raíssa', 2365686058);
INSERT INTO pesquisador (recorded_by, gbifID) VALUES ('Sousa, Anny; Sousa, Sandriel; Hernández, Luis', 2365686056);
INSERT INTO pesquisador (recorded_by, gbifID) VALUES ('Beckman, Ruana; Pena, José; Souza, Raíssa', 2365686052);
INSERT INTO pesquisador (recorded_by, gbifID) VALUES ('Beckman, Ruana; Pena, José; Souza, Raíssa', 2365686049);
INSERT INTO pesquisador (recorded_by, gbifID) VALUES ('Beckman, Ruana; Pena, José; Souza, Raíssa', 2365686044);
INSERT INTO pesquisador (recorded_by, gbifID) VALUES ('Beckman, Ruana; Pena, José; Souza, Raíssa', 2365686040);
INSERT INTO pesquisador (recorded_by, gbifID) VALUES ('Braga, Cesar; Ferreira, Viviane', 2365686036);
INSERT INTO pesquisador (recorded_by, gbifID) VALUES ('Silva, Roseanne; Rosa Filho, José', 2365686034);
INSERT INTO pesquisador (recorded_by, gbifID) VALUES ('Hernández, Luis; Rousseau, Guillaume; Sousa, Sandriel', 2365686023);
INSERT INTO pesquisador (recorded_by, gbifID) VALUES ('Braga, Cesar; Ferreira, Viviane', 2365686021);
INSERT INTO pesquisador (recorded_by, gbifID) VALUES ('Beckman, Ruana; Pena, José; Souza, Raíssa', 2365686020);
INSERT INTO pesquisador (recorded_by, gbifID) VALUES ('Beckman, Ruana; Pena, José; Souza, Raíssa', 2365686019);
INSERT INTO pesquisador (recorded_by, gbifID) VALUES ('Beckman, Ruana; Pena, José; Souza, Raíssa', 2365686018);
INSERT INTO pesquisador (recorded_by, gbifID) VALUES ('Beckman, Ruana; Pena, José; Souza, Raíssa', 2365686016);
INSERT INTO pesquisador (recorded_by, gbifID) VALUES ('Beckman, Ruana; Pena, José; Souza, Raíssa', 2365686010);
INSERT INTO pesquisador (recorded_by, gbifID) VALUES ('Sousa, Anny; Sousa, Sandriel; Hernández, Luis', 2365686006);
INSERT INTO pesquisador (recorded_by, gbifID) VALUES ('Beckman, Ruana; Pena, José; Souza, Raíssa', 2365686000);
INSERT INTO pesquisador (recorded_by, gbifID) VALUES ('Hernández, Luis; Rousseau, Guillaume; Sousa, Sandriel', 2365685996);
INSERT INTO pesquisador (recorded_by, gbifID) VALUES ('Beckman, Ruana; Pena, José; Souza, Raíssa', 2365685995);
INSERT INTO pesquisador (recorded_by, gbifID) VALUES ('Beckman, Ruana; Pena, José; Souza, Raíssa', 2365685991);
INSERT INTO pesquisador (recorded_by, gbifID) VALUES ('Beckman, Ruana; Pena, José; Souza, Raíssa', 2365685989);
INSERT INTO pesquisador (recorded_by, gbifID) VALUES ('Hernández, Luis; Rousseau, Guillaume; Sousa, Sandriel', 2365685987);
INSERT INTO pesquisador (recorded_by, gbifID) VALUES ('Braga, Cesar; Ferreira, Viviane', 2365685986);
INSERT INTO pesquisador (recorded_by, gbifID) VALUES ('Beckman, Ruana; Pena, José; Souza, Raíssa', 2365685984);
INSERT INTO pesquisador (recorded_by, gbifID) VALUES ('Sousa, Sandriel; Hernández, Luis; Rousseau, Guillaume', 2365685982);
INSERT INTO pesquisador (recorded_by, gbifID) VALUES ('Sousa, Sandriel; Hernández, Luis; Rousseau, Guillaume', 2365685978);
INSERT INTO pesquisador (recorded_by, gbifID) VALUES ('Braga, Cesar; Ferreira, Viviane', 2365685977);
INSERT INTO pesquisador (recorded_by, gbifID) VALUES ('Sousa, Anny; Sousa, Sandriel; Hernández, Luis', 2365685974);
INSERT INTO pesquisador (recorded_by, gbifID) VALUES ('Braga, Cesar; Ferreira, Viviane', 2365685973);
INSERT INTO pesquisador (recorded_by, gbifID) VALUES ('Braga, Cesar; Ferreira, Viviane', 2365685971);
INSERT INTO pesquisador (recorded_by, gbifID) VALUES ('Beckman, Ruana; Pena, José; Souza, Raíssa', 2365685967);
INSERT INTO pesquisador (recorded_by, gbifID) VALUES ('Hernández, Luis; Rousseau, Guillaume; Sousa, Sandriel', 2365685963);
INSERT INTO pesquisador (recorded_by, gbifID) VALUES ('Sousa, Anny; Sousa, Sandriel; Hernández, Luis', 2365685962);
INSERT INTO pesquisador (recorded_by, gbifID) VALUES ('Beckman, Ruana; Pena, José; Souza, Raíssa', 2365685961);
INSERT INTO pesquisador (recorded_by, gbifID) VALUES ('Beckman, Ruana; Pena, José; Souza, Raíssa', 2365685960);
INSERT INTO pesquisador (recorded_by, gbifID) VALUES ('Beckman, Ruana; Pena, José; Souza, Raíssa', 2365685959);
INSERT INTO pesquisador (recorded_by, gbifID) VALUES ('Hernández, Luis; Rousseau, Guillaume; Sousa, Sandriel', 2365685953);
INSERT INTO pesquisador (recorded_by, gbifID) VALUES ('Braga, Cesar; Ferreira, Viviane', 2365685948);
INSERT INTO pesquisador (recorded_by, gbifID) VALUES ('Beckman, Ruana; Pena, José; Souza, Raíssa', 2365685947);
INSERT INTO pesquisador (recorded_by, gbifID) VALUES ('Braga, Cesar; Ferreira, Viviane', 2365685946);
INSERT INTO pesquisador (recorded_by, gbifID) VALUES ('Sousa, Anny; Sousa, Sandriel; Hernández, Luis', 2365685944);
INSERT INTO pesquisador (recorded_by, gbifID) VALUES ('Braga, Cesar; Ferreira, Viviane', 2365685943);
INSERT INTO pesquisador (recorded_by, gbifID) VALUES ('Beckman, Ruana; Pena, José; Souza, Raíssa', 2365685936);
INSERT INTO pesquisador (recorded_by, gbifID) VALUES ('Beckman, Ruana; Pena, José; Souza, Raíssa', 2365685935);
INSERT INTO pesquisador (recorded_by, gbifID) VALUES ('Muniz, Mairink', 2365685933);
INSERT INTO pesquisador (recorded_by, gbifID) VALUES ('Sousa, Sandriel; Hernández, Luis; Rousseau, Guillaume', 2365685932);
INSERT INTO pesquisador (recorded_by, gbifID) VALUES ('Braga, Cesar; Ferreira, Viviane', 2365685929);
INSERT INTO pesquisador (recorded_by, gbifID) VALUES ('Beckman, Ruana; Pena, José; Souza, Raíssa', 2365685924);
INSERT INTO pesquisador (recorded_by, gbifID) VALUES ('Beckman, Ruana; Pena, José; Souza, Raíssa', 2365685923);
INSERT INTO pesquisador (recorded_by, gbifID) VALUES ('Brogim, Rosemary', 2365685922);
INSERT INTO pesquisador (recorded_by, gbifID) VALUES ('Sousa, Anny; Sousa, Sandriel; Hernández, Luis', 2365685919);
INSERT INTO pesquisador (recorded_by, gbifID) VALUES ('Sousa, Anny; Sousa, Sandriel; Hernández, Luis', 2365685915);
INSERT INTO pesquisador (recorded_by, gbifID) VALUES ('Beckman, Ruana; Pena, José; Souza, Raíssa', 2365685914);
INSERT INTO pesquisador (recorded_by, gbifID) VALUES ('Sousa, Anny; Sousa, Sandriel; Hernández, Luis', 2365685911);
INSERT INTO pesquisador (recorded_by, gbifID) VALUES ('Sousa, Sandriel; Hernández, Luis; Rousseau, Guillaume', 2365685908);
INSERT INTO pesquisador (recorded_by, gbifID) VALUES ('Braga, Cesar; Ferreira, Viviane', 2365685903);
INSERT INTO pesquisador (recorded_by, gbifID) VALUES ('Beckman, Ruana; Pena, José; Souza, Raíssa', 2365685902);
INSERT INTO pesquisador (recorded_by, gbifID) VALUES ('Braga, Cesar; Ferreira, Viviane', 2365685901);
INSERT INTO pesquisador (recorded_by, gbifID) VALUES ('Brogim, Rosemary', 2365685899);
INSERT INTO pesquisador (recorded_by, gbifID) VALUES ('Almeida, Mayk ; Rosa Filho, José', 2365685898);
INSERT INTO pesquisador (recorded_by, gbifID) VALUES ('Beckman, Ruana; Pena, José; Souza, Raíssa', 2365685896);
INSERT INTO pesquisador (recorded_by, gbifID) VALUES ('Beckman, Ruana; Pena, José; Souza, Raíssa', 2365685893);
INSERT INTO pesquisador (recorded_by, gbifID) VALUES ('Beckman, Ruana; Pena, José; Souza, Raíssa', 2365685886);
INSERT INTO pesquisador (recorded_by, gbifID) VALUES ('Beckman, Ruana; Pena, José; Souza, Raíssa', 2365685884);
INSERT INTO pesquisador (recorded_by, gbifID) VALUES ('Beckman, Ruana; Pena, José; Souza, Raíssa', 2365685882);
INSERT INTO pesquisador (recorded_by, gbifID) VALUES ('Sousa, Sandriel; Hernández, Luis; Rousseau, Guillaume', 2365685877);
INSERT INTO pesquisador (recorded_by, gbifID) VALUES ('Beckman, Ruana; Pena, José; Souza, Raíssa', 2365685876);
INSERT INTO pesquisador (recorded_by, gbifID) VALUES ('Beckman, Ruana; Pena, José; Souza, Raíssa', 2365685875);
INSERT INTO pesquisador (recorded_by, gbifID) VALUES ('Santos, C.; Amado, L. L.', 2365685874);
INSERT INTO pesquisador (recorded_by, gbifID) VALUES ('Braga, Cesar; Ferreira, Viviane', 2365685871);
INSERT INTO pesquisador (recorded_by, gbifID) VALUES ('Braga, Cesar; Ferreira, Viviane', 2365685870);
INSERT INTO pesquisador (recorded_by, gbifID) VALUES ('Sousa, Anny; Sousa, Sandriel; Hernández, Luis', 2365685867);
INSERT INTO pesquisador (recorded_by, gbifID) VALUES ('Hernández, Luis; Rousseau, Guillaume; Sousa, Sandriel', 2365685865);
INSERT INTO pesquisador (recorded_by, gbifID) VALUES ('Beckman, Ruana; Pena, José; Souza, Raíssa', 2365685861);
INSERT INTO pesquisador (recorded_by, gbifID) VALUES ('Sousa, Anny; Sousa, Sandriel; Hernández, Luis', 2365685860);
INSERT INTO pesquisador (recorded_by, gbifID) VALUES ('Braga, Cesar; Ferreira, Viviane', 2365685859);
INSERT INTO pesquisador (recorded_by, gbifID) VALUES ('Hernández, Luis; Rousseau, Guillaume; Sousa, Sandriel', 2365685855);
INSERT INTO pesquisador (recorded_by, gbifID) VALUES ('Braga, Cesar; Ferreira, Viviane', 2365685854);
INSERT INTO pesquisador (recorded_by, gbifID) VALUES ('Beckman, Ruana; Pena, José; Souza, Raíssa', 2365685852);
INSERT INTO pesquisador (recorded_by, gbifID) VALUES ('Sousa, Anny; Sousa, Sandriel; Hernández, Luis', 2365685851);
INSERT INTO pesquisador (recorded_by, gbifID) VALUES ('Hernández, Luis; Rousseau, Guillaume; Sousa, Sandriel', 2365685848);
INSERT INTO pesquisador (recorded_by, gbifID) VALUES ('Braga, Cesar; Ferreira, Viviane', 2365685847);
INSERT INTO pesquisador (recorded_by, gbifID) VALUES ('Beckman, Ruana; Pena, José; Souza, Raíssa', 2365685846);
INSERT INTO pesquisador (recorded_by, gbifID) VALUES ('Almeida, Mayk ; Rosa Filho, José', 2365685845);
INSERT INTO pesquisador (recorded_by, gbifID) VALUES ('Braga, Cesar; Ferreira, Viviane', 2365685844);
INSERT INTO pesquisador (recorded_by, gbifID) VALUES ('Beckman, Ruana; Pena, José; Souza, Raíssa', 2365685842);
INSERT INTO pesquisador (recorded_by, gbifID) VALUES ('Beckman, Ruana; Pena, José; Souza, Raíssa', 2365685841);
INSERT INTO pesquisador (recorded_by, gbifID) VALUES ('Beckman, Ruana; Pena, José; Souza, Raíssa', 2365685840);
INSERT INTO pesquisador (recorded_by, gbifID) VALUES ('Hernández, Luis; Rousseau, Guillaume; Sousa, Sandriel', 2365685837);
INSERT INTO pesquisador (recorded_by, gbifID) VALUES ('Beckman, Ruana; Pena, José; Souza, Raíssa', 2365685833);
INSERT INTO pesquisador (recorded_by, gbifID) VALUES ('Hernández, Luis; Rousseau, Guillaume; Sousa, Sandriel', 2365685831);
INSERT INTO pesquisador (recorded_by, gbifID) VALUES ('Sousa, Anny; Sousa, Sandriel; Hernández, Luis', 2365685830);
INSERT INTO pesquisador (recorded_by, gbifID) VALUES ('Sousa, Sandriel; Hernández, Luis; Rousseau, Guillaume', 2365685828);
INSERT INTO pesquisador (recorded_by, gbifID) VALUES ('Beckman, Ruana; Pena, José; Souza, Raíssa', 2365685826);
INSERT INTO pesquisador (recorded_by, gbifID) VALUES ('Braga, Cesar; Ferreira, Viviane', 2365685825);
INSERT INTO pesquisador (recorded_by, gbifID) VALUES ('Braga, Cesar; Ferreira, Viviane', 2365685824);
INSERT INTO pesquisador (recorded_by, gbifID) VALUES ('Hernández, Luis; Rousseau, Guillaume; Sousa, Sandriel', 2365685823);
INSERT INTO pesquisador (recorded_by, gbifID) VALUES ('Sousa, Sandriel; Hernández, Luis; Rousseau, Guillaume', 2365685818);
INSERT INTO pesquisador (recorded_by, gbifID) VALUES ('Beckman, Ruana; Pena, José; Souza, Raíssa', 2365685817);
INSERT INTO pesquisador (recorded_by, gbifID) VALUES ('Braga, Cesar; Ferreira, Viviane', 2365685816);
INSERT INTO pesquisador (recorded_by, gbifID) VALUES ('Hernández, Luis; Rousseau, Guillaume; Sousa, Sandriel', 2365685814);
INSERT INTO pesquisador (recorded_by, gbifID) VALUES ('Sousa, Anny; Sousa, Sandriel; Hernández, Luis', 2365685810);
INSERT INTO pesquisador (recorded_by, gbifID) VALUES ('Hernández, Luis; Rousseau, Guillaume; Sousa, Sandriel', 2365685809);
INSERT INTO pesquisador (recorded_by, gbifID) VALUES ('Hernández, Luis; Rousseau, Guillaume; Sousa, Sandriel', 2365685807);
INSERT INTO pesquisador (recorded_by, gbifID) VALUES ('Silva, Roseanne; Rosa Filho, José', 2365685806);
INSERT INTO pesquisador (recorded_by, gbifID) VALUES ('Braga, Cesar; Ferreira, Viviane', 2365685805);
INSERT INTO pesquisador (recorded_by, gbifID) VALUES ('Hernández, Luis; Rousseau, Guillaume; Sousa, Sandriel', 2365685800);
INSERT INTO pesquisador (recorded_by, gbifID) VALUES ('Hernández, Luis; Rousseau, Guillaume; Sousa, Sandriel', 2365685799);
INSERT INTO pesquisador (recorded_by, gbifID) VALUES ('Braga, Cesar; Ferreira, Viviane', 2365685798);
INSERT INTO pesquisador (recorded_by, gbifID) VALUES ('Beckman, Ruana; Pena, José; Souza, Raíssa', 2365685797);
INSERT INTO pesquisador (recorded_by, gbifID) VALUES ('Braga, Cesar; Ferreira, Viviane', 2365685796);
INSERT INTO pesquisador (recorded_by, gbifID) VALUES ('Beckman, Ruana; Pena, José; Souza, Raíssa', 2365685795);
INSERT INTO pesquisador (recorded_by, gbifID) VALUES ('Beckman, Ruana; Pena, José; Souza, Raíssa', 2365685794);
INSERT INTO pesquisador (recorded_by, gbifID) VALUES ('Beckman, Ruana; Pena, José; Souza, Raíssa', 2365685792);
INSERT INTO pesquisador (recorded_by, gbifID) VALUES ('Silva, Roseanne; Rosa Filho, José', 2365685791);
INSERT INTO pesquisador (recorded_by, gbifID) VALUES ('Beckman, Ruana; Pena, José; Souza, Raíssa', 2365685790);
INSERT INTO pesquisador (recorded_by, gbifID) VALUES ('Beckman, Ruana; Pena, José; Souza, Raíssa', 2365685789);
INSERT INTO pesquisador (recorded_by, gbifID) VALUES ('Braga, Cesar; Ferreira, Viviane', 2365685788);
INSERT INTO pesquisador (recorded_by, gbifID) VALUES ('Beckman, Ruana; Pena, José; Souza, Raíssa', 2365685787);
INSERT INTO pesquisador (recorded_by, gbifID) VALUES ('Hernández, Luis; Rousseau, Guillaume; Sousa, Sandriel', 2365685786);
INSERT INTO pesquisador (recorded_by, gbifID) VALUES ('Beckman, Ruana; Pena, José; Souza, Raíssa', 2365685783);
INSERT INTO pesquisador (recorded_by, gbifID) VALUES ('Braga, Cesar; Ferreira, Viviane', 2365685781);
INSERT INTO pesquisador (recorded_by, gbifID) VALUES ('Beckman, Ruana; Pena, José; Souza, Raíssa', 2365685779);
INSERT INTO pesquisador (recorded_by, gbifID) VALUES ('Sousa, Anny; Sousa, Sandriel; Hernández, Luis', 2365685778);
INSERT INTO pesquisador (recorded_by, gbifID) VALUES ('Sousa, Anny; Sousa, Sandriel; Hernández, Luis', 2365685774);
INSERT INTO pesquisador (recorded_by, gbifID) VALUES ('Beckman, Ruana; Pena, José; Souza, Raíssa', 2365685773);
INSERT INTO pesquisador (recorded_by, gbifID) VALUES ('Sousa, Sandriel; Hernández, Luis; Rousseau, Guillaume', 2365685769);
INSERT INTO pesquisador (recorded_by, gbifID) VALUES ('Braga, Cesar; Ferreira, Viviane', 2365685764);
INSERT INTO pesquisador (recorded_by, gbifID) VALUES ('Braga, Cesar; Ferreira, Viviane', 2365685762);
INSERT INTO pesquisador (recorded_by, gbifID) VALUES ('Beckman, Ruana; Pena, José; Souza, Raíssa', 2365685759);
INSERT INTO pesquisador (recorded_by, gbifID) VALUES ('Beckman, Ruana; Pena, José; Souza, Raíssa', 2365685756);
INSERT INTO pesquisador (recorded_by, gbifID) VALUES ('Beckman, Ruana; Pena, José; Souza, Raíssa', 2365685755);
INSERT INTO pesquisador (recorded_by, gbifID) VALUES ('Braga, Cesar; Ferreira, Viviane', 2365685750);
INSERT INTO pesquisador (recorded_by, gbifID) VALUES ('Braga, Cesar; Ferreira, Viviane', 2365685749);
INSERT INTO pesquisador (recorded_by, gbifID) VALUES ('Hernández, Luis; Rousseau, Guillaume; Sousa, Sandriel', 2365685748);
INSERT INTO pesquisador (recorded_by, gbifID) VALUES ('Braga, Cesar; Ferreira, Viviane', 2365685746);
INSERT INTO pesquisador (recorded_by, gbifID) VALUES ('Sousa, Anny; Sousa, Sandriel; Hernández, Luis', 2365685744);
INSERT INTO pesquisador (recorded_by, gbifID) VALUES ('Beckman, Ruana; Pena, José; Souza, Raíssa', 2365685742);
INSERT INTO pesquisador (recorded_by, gbifID) VALUES ('Braga, Cesar; Ferreira, Viviane', 2365685740);
INSERT INTO pesquisador (recorded_by, gbifID) VALUES ('Beckman, Ruana; Pena, José; Souza, Raíssa', 2365685739);
INSERT INTO pesquisador (recorded_by, gbifID) VALUES ('Hernández, Luis; Rousseau, Guillaume; Sousa, Sandriel', 2365685733);
INSERT INTO pesquisador (recorded_by, gbifID) VALUES ('Hernández, Luis; Rousseau, Guillaume; Sousa, Sandriel', 2365685732);
INSERT INTO pesquisador (recorded_by, gbifID) VALUES ('Braga, Cesar; Ferreira, Viviane', 2365685731);
INSERT INTO pesquisador (recorded_by, gbifID) VALUES ('Sousa, Sandriel; Hernández, Luis; Rousseau, Guillaume', 2365685729);
INSERT INTO pesquisador (recorded_by, gbifID) VALUES ('Beckman, Ruana; Pena, José; Souza, Raíssa', 2365685726);
INSERT INTO pesquisador (recorded_by, gbifID) VALUES ('Beckman, Ruana; Pena, José; Souza, Raíssa', 2365685723);
INSERT INTO pesquisador (recorded_by, gbifID) VALUES ('Braga, Cesar; Ferreira, Viviane', 2365685722);
INSERT INTO pesquisador (recorded_by, gbifID) VALUES ('Beckman, Ruana; Pena, José; Souza, Raíssa', 2365685720);
INSERT INTO pesquisador (recorded_by, gbifID) VALUES ('Sousa, Anny; Sousa, Sandriel; Hernández, Luis', 2365685714);
INSERT INTO pesquisador (recorded_by, gbifID) VALUES ('Braga, Cesar; Ferreira, Viviane', 2365685708);
INSERT INTO pesquisador (recorded_by, gbifID) VALUES ('Beckman, Ruana; Pena, José; Souza, Raíssa', 2365685707);
INSERT INTO pesquisador (recorded_by, gbifID) VALUES ('Beckman, Ruana; Pena, José; Souza, Raíssa', 2365685705);
INSERT INTO pesquisador (recorded_by, gbifID) VALUES ('Beckman, Ruana; Pena, José; Souza, Raíssa', 2365685704);
INSERT INTO pesquisador (recorded_by, gbifID) VALUES ('Braga, Cesar; Ferreira, Viviane', 2365685703);
INSERT INTO pesquisador (recorded_by, gbifID) VALUES ('Beckman, Ruana; Pena, José; Souza, Raíssa', 2365685699);
INSERT INTO pesquisador (recorded_by, gbifID) VALUES ('Beckman, Ruana; Pena, José; Souza, Raíssa', 2365685697);
INSERT INTO pesquisador (recorded_by, gbifID) VALUES ('Sousa, Anny; Sousa, Sandriel; Hernández, Luis', 2365685691);
INSERT INTO pesquisador (recorded_by, gbifID) VALUES ('Braga, Cesar; Ferreira, Viviane', 2365685689);
INSERT INTO pesquisador (recorded_by, gbifID) VALUES ('Hernández, Luis; Rousseau, Guillaume; Sousa, Sandriel', 2365685685);
INSERT INTO pesquisador (recorded_by, gbifID) VALUES ('Braga, Cesar; Ferreira, Viviane', 2365685684);
INSERT INTO pesquisador (recorded_by, gbifID) VALUES ('Beckman, Ruana; Pena, José; Souza, Raíssa', 2365685677);
INSERT INTO pesquisador (recorded_by, gbifID) VALUES ('Beckman, Ruana; Pena, José; Souza, Raíssa', 2365685666);
INSERT INTO pesquisador (recorded_by, gbifID) VALUES ('Braga, Cesar; Ferreira, Viviane', 2365685663);
INSERT INTO pesquisador (recorded_by, gbifID) VALUES ('Beckman, Ruana; Pena, José; Souza, Raíssa', 2365685658);
INSERT INTO pesquisador (recorded_by, gbifID) VALUES ('Hernández, Luis; Rousseau, Guillaume; Sousa, Sandriel', 2365685655);
INSERT INTO pesquisador (recorded_by, gbifID) VALUES ('Braga, Cesar; Ferreira, Viviane', 2365685650);
INSERT INTO pesquisador (recorded_by, gbifID) VALUES ('Braga, Cesar; Ferreira, Viviane', 2365685649);
INSERT INTO pesquisador (recorded_by, gbifID) VALUES ('Hernández, Luis; Rousseau, Guillaume; Sousa, Sandriel', 2365685646);
INSERT INTO pesquisador (recorded_by, gbifID) VALUES ('Sousa, Anny; Sousa, Sandriel; Hernández, Luis', 2365685644);
INSERT INTO pesquisador (recorded_by, gbifID) VALUES ('Braga, Cesar; Ferreira, Viviane', 2365685643);
INSERT INTO pesquisador (recorded_by, gbifID) VALUES ('Beckman, Ruana; Pena, José; Souza, Raíssa', 2365685639);
INSERT INTO pesquisador (recorded_by, gbifID) VALUES ('Beckman, Ruana; Pena, José; Souza, Raíssa', 2365685637);
INSERT INTO pesquisador (recorded_by, gbifID) VALUES ('Muniz, Mairink', 2365685631);
INSERT INTO pesquisador (recorded_by, gbifID) VALUES ('Beckman, Ruana; Pena, José; Souza, Raíssa', 2365685624);
INSERT INTO pesquisador (recorded_by, gbifID) VALUES ('Sousa, Anny; Sousa, Sandriel; Hernández, Luis', 2365685598);
INSERT INTO pesquisador (recorded_by, gbifID) VALUES ('Sousa, Sandriel; Hernández, Luis; Rousseau, Guillaume', 2365685596);
INSERT INTO pesquisador (recorded_by, gbifID) VALUES ('Beckman, Ruana; Pena, José; Souza, Raíssa', 2365685592);
INSERT INTO pesquisador (recorded_by, gbifID) VALUES ('Beckman, Ruana; Pena, José; Souza, Raíssa', 2365685587);
INSERT INTO pesquisador (recorded_by, gbifID) VALUES ('Beckman, Ruana; Pena, José; Souza, Raíssa', 2365685580);
INSERT INTO pesquisador (recorded_by, gbifID) VALUES ('Braga, Cesar; Ferreira, Viviane', 2365685578);
INSERT INTO pesquisador (recorded_by, gbifID) VALUES ('Beckman, Ruana; Pena, José; Souza, Raíssa', 2365685573);
INSERT INTO pesquisador (recorded_by, gbifID) VALUES ('Hernández, Luis; Rousseau, Guillaume; Sousa, Sandriel', 2365685562);
INSERT INTO pesquisador (recorded_by, gbifID) VALUES ('Muniz, Mairink', 2365685559);
INSERT INTO pesquisador (recorded_by, gbifID) VALUES ('Beckman, Ruana; Pena, José; Souza, Raíssa', 2365685556);
INSERT INTO pesquisador (recorded_by, gbifID) VALUES ('Hernández, Luis; Rousseau, Guillaume; Sousa, Sandriel', 2365685552);
INSERT INTO pesquisador (recorded_by, gbifID) VALUES ('Braga, Cesar; Ferreira, Viviane', 2365685550);
INSERT INTO pesquisador (recorded_by, gbifID) VALUES ('Sousa, Sandriel; Hernández, Luis; Rousseau, Guillaume', 2365685534);
INSERT INTO pesquisador (recorded_by, gbifID) VALUES ('Hernández, Luis; Rousseau, Guillaume; Sousa, Sandriel', 2365685521);
INSERT INTO pesquisador (recorded_by, gbifID) VALUES ('Sousa, Sandriel; Hernández, Luis; Rousseau, Guillaume', 2365685520);
INSERT INTO pesquisador (recorded_by, gbifID) VALUES ('Braga, Cesar; Ferreira, Viviane', 2365685516);
INSERT INTO pesquisador (recorded_by, gbifID) VALUES ('Braga, Cesar; Ferreira, Viviane', 2365685498);
INSERT INTO pesquisador (recorded_by, gbifID) VALUES ('Hernández, Luis; Rousseau, Guillaume; Sousa, Sandriel', 2365685493);
INSERT INTO pesquisador (recorded_by, gbifID) VALUES ('Sousa, Anny; Sousa, Sandriel; Hernández, Luis', 2365685489);
INSERT INTO pesquisador (recorded_by, gbifID) VALUES ('Beckman, Ruana; Pena, José; Souza, Raíssa', 2365685488);
INSERT INTO pesquisador (recorded_by, gbifID) VALUES ('Sousa, Anny; Sousa, Sandriel; Hernández, Luis', 2365685480);
INSERT INTO pesquisador (recorded_by, gbifID) VALUES ('Hernández, Luis; Rousseau, Guillaume; Sousa, Sandriel', 2365685469);
INSERT INTO pesquisador (recorded_by, gbifID) VALUES ('Beckman, Ruana; Pena, José; Souza, Raíssa', 2365685456);
INSERT INTO pesquisador (recorded_by, gbifID) VALUES ('Hernández, Luis; Rousseau, Guillaume; Sousa, Sandriel', 2365685454);
INSERT INTO pesquisador (recorded_by, gbifID) VALUES ('Hernández, Luis; Rousseau, Guillaume; Sousa, Sandriel', 2365685449);
INSERT INTO pesquisador (recorded_by, gbifID) VALUES ('Beckman, Ruana; Pena, José; Souza, Raíssa', 2365685447);
INSERT INTO pesquisador (recorded_by, gbifID) VALUES ('Beckman, Ruana; Pena, José; Souza, Raíssa', 2365685445);
INSERT INTO pesquisador (recorded_by, gbifID) VALUES ('Hernández, Luis; Rousseau, Guillaume; Sousa, Sandriel', 2365685434);
INSERT INTO pesquisador (recorded_by, gbifID) VALUES ('Hernández, Luis; Rousseau, Guillaume; Sousa, Sandriel', 2365685432);
INSERT INTO pesquisador (recorded_by, gbifID) VALUES ('Hernández, Luis; Rousseau, Guillaume; Sousa, Sandriel', 2365685426);
INSERT INTO pesquisador (recorded_by, gbifID) VALUES ('Cherniski, D.', 1913497256);
INSERT INTO pesquisador (recorded_by, gbifID) VALUES ('Cherniski, D.', 1913497255);
INSERT INTO pesquisador (recorded_by, gbifID) VALUES ('Cherniski, D.', 1913497254);
INSERT INTO pesquisador (recorded_by, gbifID) VALUES ('Cherniski, D.', 1913497253);
INSERT INTO pesquisador (recorded_by, gbifID) VALUES ('Cunha', 1913497252);
INSERT INTO pesquisador (recorded_by, gbifID) VALUES ('Cherniski, D.', 1913497251);
INSERT INTO pesquisador (recorded_by, gbifID) VALUES ('Cherniski, D.', 1913497250);
INSERT INTO pesquisador (recorded_by, gbifID) VALUES ('Cherniski, D.', 1913497249);
INSERT INTO pesquisador (recorded_by, gbifID) VALUES ('Cherniski, D.', 1913497248);
INSERT INTO pesquisador (recorded_by, gbifID) VALUES ('Cherniski, D.', 1913497247);
INSERT INTO pesquisador (recorded_by, gbifID) VALUES ('Bueno, Paulo', 1913497246);
INSERT INTO pesquisador (recorded_by, gbifID) VALUES ('Cherniski, D.', 1913497245);
INSERT INTO pesquisador (recorded_by, gbifID) VALUES ('Cherniski, D.', 1913497244);
INSERT INTO pesquisador (recorded_by, gbifID) VALUES ('Cherniski, D.', 1913497243);
INSERT INTO pesquisador (recorded_by, gbifID) VALUES ('Cherniski, D.', 1913497242);
INSERT INTO pesquisador (recorded_by, gbifID) VALUES ('Cherniski, D.', 1913497241);
INSERT INTO pesquisador (recorded_by, gbifID) VALUES ('Cherniski, D.', 1913497240);
INSERT INTO pesquisador (recorded_by, gbifID) VALUES ('Kinispel, S.', 1913497239);
INSERT INTO pesquisador (recorded_by, gbifID) VALUES ('Cherniski, D.', 1913497238);
INSERT INTO pesquisador (recorded_by, gbifID) VALUES ('Cherniski, D.', 1913497237);
INSERT INTO pesquisador (recorded_by, gbifID) VALUES ('Cherniski, D.', 1913497236);
INSERT INTO pesquisador (recorded_by, gbifID) VALUES ('Cherniski, D.', 1913497235);
INSERT INTO pesquisador (recorded_by, gbifID) VALUES ('Cherniski, D.', 1913497234);
INSERT INTO pesquisador (recorded_by, gbifID) VALUES ('Cherniski, D.', 1913497233);
INSERT INTO pesquisador (recorded_by, gbifID) VALUES ('Cherniski, D.', 1913497232);
INSERT INTO pesquisador (recorded_by, gbifID) VALUES ('Cherniski, D.', 1913497231);
INSERT INTO pesquisador (recorded_by, gbifID) VALUES ('Cherniski, D.', 1913497230);
INSERT INTO pesquisador (recorded_by, gbifID) VALUES ('Cherniski, D.', 1913497229);
INSERT INTO pesquisador (recorded_by, gbifID) VALUES ('Cherniski, D.', 1913497228);
INSERT INTO pesquisador (recorded_by, gbifID) VALUES ('Cherniski, D.', 1913497227);
INSERT INTO pesquisador (recorded_by, gbifID) VALUES ('Cherniski, D.', 1913497226);
INSERT INTO pesquisador (recorded_by, gbifID) VALUES ('Beckman, Ruana; Pena, José; Souza, Raíssa', 1913497225);
INSERT INTO pesquisador (recorded_by, gbifID) VALUES ('Cherniski, D.', 1913497224);
INSERT INTO pesquisador (recorded_by, gbifID) VALUES ('Cherniski, D.', 1913497223);
INSERT INTO pesquisador (recorded_by, gbifID) VALUES ('Cherniski, D.', 1913497222);
INSERT INTO pesquisador (recorded_by, gbifID) VALUES ('Cherniski, D.', 1913497221);
INSERT INTO pesquisador (recorded_by, gbifID) VALUES ('Cherniski, D.', 1913497220);
INSERT INTO pesquisador (recorded_by, gbifID) VALUES ('Cherniski, D.', 1913497219);
INSERT INTO pesquisador (recorded_by, gbifID) VALUES ('Cherniski, D.', 1913497218);
INSERT INTO pesquisador (recorded_by, gbifID) VALUES ('Cherniski, D.', 1913497217);
INSERT INTO pesquisador (recorded_by, gbifID) VALUES ('Beckman, Ruana; Pena, José; Souza, Raíssa', 1913497216);
INSERT INTO pesquisador (recorded_by, gbifID) VALUES ('Cherniski, D.', 1913497215);
INSERT INTO pesquisador (recorded_by, gbifID) VALUES ('Bueno, Paulo', 1913497214);
INSERT INTO pesquisador (recorded_by, gbifID) VALUES ('Cherniski, D.', 1913497213);
INSERT INTO pesquisador (recorded_by, gbifID) VALUES ('Cherniski, D.', 1913497212);
INSERT INTO pesquisador (recorded_by, gbifID) VALUES ('Beckman, Ruana; Pena, José; Souza, Raíssa', 1913497211);
INSERT INTO pesquisador (recorded_by, gbifID) VALUES ('Cherniski, D.', 1913497210);
INSERT INTO pesquisador (recorded_by, gbifID) VALUES ('Cherniski, D.', 1913497209);
INSERT INTO pesquisador (recorded_by, gbifID) VALUES ('Cherniski, D.', 1913497208);
INSERT INTO pesquisador (recorded_by, gbifID) VALUES ('Cherniski, D.', 1913497207);
INSERT INTO pesquisador (recorded_by, gbifID) VALUES ('Cherniski, D.', 1913497206);
INSERT INTO pesquisador (recorded_by, gbifID) VALUES ('Beckman, Ruana; Pena, José; Souza, Raíssa', 1913497205);
INSERT INTO pesquisador (recorded_by, gbifID) VALUES ('Cherniski, D.', 1913497204);
INSERT INTO pesquisador (recorded_by, gbifID) VALUES ('Beckman, Ruana; Pena, José; Souza, Raíssa', 1913497203);
INSERT INTO pesquisador (recorded_by, gbifID) VALUES ('Cherniski, D.', 1913497202);
INSERT INTO pesquisador (recorded_by, gbifID) VALUES ('Cherniski, D.', 1913497201);
INSERT INTO pesquisador (recorded_by, gbifID) VALUES ('Cherniski, D.', 1913497200);
INSERT INTO pesquisador (recorded_by, gbifID) VALUES ('Beckman, Ruana; Pena, José; Souza, Raíssa', 1913497199);
INSERT INTO pesquisador (recorded_by, gbifID) VALUES ('Beckman, Ruana; Pena, José; Souza, Raíssa', 1913497198);
INSERT INTO pesquisador (recorded_by, gbifID) VALUES ('Beckman, Ruana; Pena, José; Souza, Raíssa', 1913497197);
INSERT INTO pesquisador (recorded_by, gbifID) VALUES ('Beckman, Ruana; Pena, José; Souza, Raíssa', 1913497196);
INSERT INTO pesquisador (recorded_by, gbifID) VALUES ('Beckman, Ruana; Pena, José; Souza, Raíssa', 1913497195);
INSERT INTO pesquisador (recorded_by, gbifID) VALUES ('Beckman, Ruana; Pena, José; Souza, Raíssa', 1913497194);
INSERT INTO pesquisador (recorded_by, gbifID) VALUES ('Cherniski, D.', 1913497193);
INSERT INTO pesquisador (recorded_by, gbifID) VALUES ('Cherniski, D.', 1913497192);
INSERT INTO pesquisador (recorded_by, gbifID) VALUES ('Cherniski, D.', 1913497191);
INSERT INTO pesquisador (recorded_by, gbifID) VALUES ('Cherniski, D.', 1913497190);
INSERT INTO pesquisador (recorded_by, gbifID) VALUES ('Beckman, Ruana; Pena, José; Souza, Raíssa', 1913497189);
INSERT INTO pesquisador (recorded_by, gbifID) VALUES ('Cherniski, D.', 1913497188);
INSERT INTO pesquisador (recorded_by, gbifID) VALUES ('Beckman, Ruana; Pena, José; Souza, Raíssa', 1913497187);
INSERT INTO pesquisador (recorded_by, gbifID) VALUES ('Cherniski, D.', 1913497186);
INSERT INTO pesquisador (recorded_by, gbifID) VALUES ('Cherniski, D.', 1913497185);
INSERT INTO pesquisador (recorded_by, gbifID) VALUES ('Cherniski, D.', 1913497184);
INSERT INTO pesquisador (recorded_by, gbifID) VALUES ('Beckman, Ruana; Pena, José; Souza, Raíssa', 1913497183);
INSERT INTO pesquisador (recorded_by, gbifID) VALUES ('Cherniski, D.', 1913497182);
INSERT INTO pesquisador (recorded_by, gbifID) VALUES ('Beckman, Ruana; Pena, José; Souza, Raíssa', 1913497181);
INSERT INTO pesquisador (recorded_by, gbifID) VALUES ('Cherniski, D.', 1913497180);
INSERT INTO pesquisador (recorded_by, gbifID) VALUES ('Beckman, Ruana; Pena, José; Souza, Raíssa', 1913497179);
INSERT INTO pesquisador (recorded_by, gbifID) VALUES ('Beckman, Ruana; Pena, José; Souza, Raíssa', 1913497178);
INSERT INTO pesquisador (recorded_by, gbifID) VALUES ('Beckman, Ruana; Pena, José; Souza, Raíssa', 1913497177);
INSERT INTO pesquisador (recorded_by, gbifID) VALUES ('Cherniski, D.', 1913497176);
INSERT INTO pesquisador (recorded_by, gbifID) VALUES ('Beckman, Ruana; Pena, José; Souza, Raíssa', 1913497175);
INSERT INTO pesquisador (recorded_by, gbifID) VALUES ('Beckman, Ruana; Pena, José; Souza, Raíssa', 1913497174);
INSERT INTO pesquisador (recorded_by, gbifID) VALUES ('Beckman, Ruana; Pena, José; Souza, Raíssa', 1913497173);
INSERT INTO pesquisador (recorded_by, gbifID) VALUES ('Beckman, Ruana; Pena, José; Souza, Raíssa', 1913497172);
INSERT INTO pesquisador (recorded_by, gbifID) VALUES ('Cherniski, D.', 1913497171);
INSERT INTO pesquisador (recorded_by, gbifID) VALUES ('Cherniski, D.', 1913497170);
INSERT INTO pesquisador (recorded_by, gbifID) VALUES ('Cherniski, D.', 1913497169);
INSERT INTO pesquisador (recorded_by, gbifID) VALUES ('Cherniski, D.', 1913497168);
INSERT INTO pesquisador (recorded_by, gbifID) VALUES ('Beckman, Ruana; Pena, José; Souza, Raíssa', 1913497167);
INSERT INTO pesquisador (recorded_by, gbifID) VALUES ('Cherniski, D.', 1913497166);
INSERT INTO pesquisador (recorded_by, gbifID) VALUES ('Beckman, Ruana; Pena, José; Souza, Raíssa', 1913497165);
INSERT INTO pesquisador (recorded_by, gbifID) VALUES ('Beckman, Ruana; Pena, José; Souza, Raíssa', 1913497164);
INSERT INTO pesquisador (recorded_by, gbifID) VALUES ('Beckman, Ruana; Pena, José; Souza, Raíssa', 1913497163);
INSERT INTO pesquisador (recorded_by, gbifID) VALUES ('Cherniski, D.', 1913497162);
INSERT INTO pesquisador (recorded_by, gbifID) VALUES ('Beckman, Ruana; Pena, José; Souza, Raíssa', 1913497161);
INSERT INTO pesquisador (recorded_by, gbifID) VALUES ('Cherniski, D.', 1913497160);
INSERT INTO pesquisador (recorded_by, gbifID) VALUES ('Beckman, Ruana; Pena, José; Souza, Raíssa', 1913497159);
INSERT INTO pesquisador (recorded_by, gbifID) VALUES ('Beckman, Ruana; Pena, José; Souza, Raíssa', 1913497158);
INSERT INTO pesquisador (recorded_by, gbifID) VALUES ('Beckman, Ruana; Pena, José; Souza, Raíssa', 1913497157);
INSERT INTO pesquisador (recorded_by, gbifID) VALUES ('Beckman, Ruana; Pena, José; Souza, Raíssa', 1913497156);
INSERT INTO pesquisador (recorded_by, gbifID) VALUES ('Beckman, Ruana; Pena, José; Souza, Raíssa', 1913497155);
INSERT INTO pesquisador (recorded_by, gbifID) VALUES ('Beckman, Ruana; Pena, José; Souza, Raíssa', 1913497154);
INSERT INTO pesquisador (recorded_by, gbifID) VALUES ('Beckman, Ruana; Pena, José; Souza, Raíssa', 1913497153);
INSERT INTO pesquisador (recorded_by, gbifID) VALUES ('Beckman, Ruana; Pena, José; Souza, Raíssa', 1913497152);
INSERT INTO pesquisador (recorded_by, gbifID) VALUES ('Beckman, Ruana; Pena, José; Souza, Raíssa', 1913497151);
INSERT INTO pesquisador (recorded_by, gbifID) VALUES ('Beckman, Ruana; Pena, José; Souza, Raíssa', 1913497150);
INSERT INTO pesquisador (recorded_by, gbifID) VALUES ('Beckman, Ruana; Pena, José; Souza, Raíssa', 1913497149);
INSERT INTO pesquisador (recorded_by, gbifID) VALUES ('Beckman, Ruana; Pena, José; Souza, Raíssa', 1913497148);
INSERT INTO pesquisador (recorded_by, gbifID) VALUES ('Beckman, Ruana; Pena, José; Souza, Raíssa', 1913497147);
INSERT INTO pesquisador (recorded_by, gbifID) VALUES ('Beckman, Ruana; Pena, José; Souza, Raíssa', 1913497146);
INSERT INTO pesquisador (recorded_by, gbifID) VALUES ('Cherniski, D.', 1913497145);
INSERT INTO pesquisador (recorded_by, gbifID) VALUES ('Cherniski, D.', 1913497144);
INSERT INTO pesquisador (recorded_by, gbifID) VALUES ('Beckman, Ruana; Pena, José; Souza, Raíssa', 1913497143);
INSERT INTO pesquisador (recorded_by, gbifID) VALUES ('Beckman, Ruana; Pena, José; Souza, Raíssa', 1913497142);
INSERT INTO pesquisador (recorded_by, gbifID) VALUES ('Cherniski, D.', 1913497141);
INSERT INTO pesquisador (recorded_by, gbifID) VALUES ('Beckman, Ruana; Pena, José; Souza, Raíssa', 1913497140);
INSERT INTO pesquisador (recorded_by, gbifID) VALUES ('Cherniski, D.', 1913497139);
INSERT INTO pesquisador (recorded_by, gbifID) VALUES ('Beckman, Ruana; Pena, José; Souza, Raíssa', 1913497138);
INSERT INTO pesquisador (recorded_by, gbifID) VALUES ('Beckman, Ruana; Pena, José; Souza, Raíssa', 1913497137);
INSERT INTO pesquisador (recorded_by, gbifID) VALUES ('Beckman, Ruana; Pena, José; Souza, Raíssa', 1913497136);
INSERT INTO pesquisador (recorded_by, gbifID) VALUES ('Beckman, Ruana; Pena, José; Souza, Raíssa', 1913497135);
INSERT INTO pesquisador (recorded_by, gbifID) VALUES ('Beckman, Ruana; Pena, José; Souza, Raíssa', 1913497134);
INSERT INTO pesquisador (recorded_by, gbifID) VALUES ('Beckman, Ruana; Pena, José; Souza, Raíssa', 1913497133);
INSERT INTO pesquisador (recorded_by, gbifID) VALUES ('Beckman, Ruana; Pena, José; Souza, Raíssa', 1913497132);
INSERT INTO pesquisador (recorded_by, gbifID) VALUES ('Beckman, Ruana; Pena, José; Souza, Raíssa', 1913497131);
INSERT INTO pesquisador (recorded_by, gbifID) VALUES ('Beckman, Ruana; Pena, José; Souza, Raíssa', 1913497130);
INSERT INTO pesquisador (recorded_by, gbifID) VALUES ('Beckman, Ruana; Pena, José; Souza, Raíssa', 1913497129);
INSERT INTO pesquisador (recorded_by, gbifID) VALUES ('Beckman, Ruana; Pena, José; Souza, Raíssa', 1913497128);
INSERT INTO pesquisador (recorded_by, gbifID) VALUES ('Beckman, Ruana; Pena, José; Souza, Raíssa', 1913497127);
INSERT INTO pesquisador (recorded_by, gbifID) VALUES ('Beckman, Ruana; Pena, José; Souza, Raíssa', 1913497126);
INSERT INTO pesquisador (recorded_by, gbifID) VALUES ('Beckman, Ruana; Pena, José; Souza, Raíssa', 1913497125);
INSERT INTO pesquisador (recorded_by, gbifID) VALUES ('Beckman, Ruana; Pena, José; Souza, Raíssa', 1913497124);
INSERT INTO pesquisador (recorded_by, gbifID) VALUES ('Beckman, Ruana; Pena, José; Souza, Raíssa', 1913497123);
INSERT INTO pesquisador (recorded_by, gbifID) VALUES ('Beckman, Ruana; Pena, José; Souza, Raíssa', 1913497122);
INSERT INTO pesquisador (recorded_by, gbifID) VALUES ('Beckman, Ruana; Pena, José; Souza, Raíssa', 1913497121);
INSERT INTO pesquisador (recorded_by, gbifID) VALUES ('Beckman, Ruana; Pena, José; Souza, Raíssa', 1913497120);
INSERT INTO pesquisador (recorded_by, gbifID) VALUES ('Beckman, Ruana; Pena, José; Souza, Raíssa', 1913497119);
INSERT INTO pesquisador (recorded_by, gbifID) VALUES ('Beckman, Ruana; Pena, José; Souza, Raíssa', 1913497118);
INSERT INTO pesquisador (recorded_by, gbifID) VALUES ('Beckman, Ruana; Pena, José; Souza, Raíssa', 1913497117);
INSERT INTO pesquisador (recorded_by, gbifID) VALUES ('Beckman, Ruana; Pena, José; Souza, Raíssa', 1913497116);
INSERT INTO pesquisador (recorded_by, gbifID) VALUES ('Beckman, Ruana; Pena, José; Souza, Raíssa', 1913497115);
INSERT INTO pesquisador (recorded_by, gbifID) VALUES ('Beckman, Ruana; Pena, José; Souza, Raíssa', 1913497114);
INSERT INTO pesquisador (recorded_by, gbifID) VALUES ('Beckman, Ruana; Pena, José; Souza, Raíssa', 1913497113);
INSERT INTO pesquisador (recorded_by, gbifID) VALUES ('Beckman, Ruana; Pena, José; Souza, Raíssa', 1913497112);
INSERT INTO pesquisador (recorded_by, gbifID) VALUES ('Beckman, Ruana; Pena, José; Souza, Raíssa', 1913497111);
INSERT INTO pesquisador (recorded_by, gbifID) VALUES ('Beckman, Ruana; Pena, José; Souza, Raíssa', 1913497110);
INSERT INTO pesquisador (recorded_by, gbifID) VALUES ('Beckman, Ruana; Pena, José; Souza, Raíssa', 1913497109);
INSERT INTO pesquisador (recorded_by, gbifID) VALUES ('Beckman, Ruana; Pena, José; Souza, Raíssa', 1913497108);
INSERT INTO pesquisador (recorded_by, gbifID) VALUES ('Beckman, Ruana; Pena, José; Souza, Raíssa', 1913497107);
INSERT INTO pesquisador (recorded_by, gbifID) VALUES ('Beckman, Ruana; Pena, José; Souza, Raíssa', 1913497106);
INSERT INTO pesquisador (recorded_by, gbifID) VALUES ('Beckman, Ruana; Pena, José; Souza, Raíssa', 1913497105);
INSERT INTO pesquisador (recorded_by, gbifID) VALUES ('Beckman, Ruana; Pena, José; Souza, Raíssa', 1913497104);
INSERT INTO pesquisador (recorded_by, gbifID) VALUES ('Cherniski, D.', 1913497103);
INSERT INTO pesquisador (recorded_by, gbifID) VALUES ('Beckman, Ruana; Pena, José; Souza, Raíssa', 1913497102);
INSERT INTO pesquisador (recorded_by, gbifID) VALUES ('Beckman, Ruana; Pena, José; Souza, Raíssa', 1913497101);
INSERT INTO pesquisador (recorded_by, gbifID) VALUES ('Beckman, Ruana; Pena, José; Souza, Raíssa', 1913497100);
INSERT INTO pesquisador (recorded_by, gbifID) VALUES ('Beckman, Ruana; Pena, José; Souza, Raíssa', 1913497099);
INSERT INTO pesquisador (recorded_by, gbifID) VALUES ('Beckman, Ruana; Pena, José; Souza, Raíssa', 1913497098);
INSERT INTO pesquisador (recorded_by, gbifID) VALUES ('Beckman, Ruana; Pena, José; Souza, Raíssa', 1913497097);
INSERT INTO pesquisador (recorded_by, gbifID) VALUES ('Beckman, Ruana; Pena, José; Souza, Raíssa', 1913497096);
INSERT INTO pesquisador (recorded_by, gbifID) VALUES ('Beckman, Ruana; Pena, José; Souza, Raíssa', 1913497095);
INSERT INTO pesquisador (recorded_by, gbifID) VALUES ('Beckman, Ruana; Pena, José; Souza, Raíssa', 1913497094);
INSERT INTO pesquisador (recorded_by, gbifID) VALUES ('Beckman, Ruana; Pena, José; Souza, Raíssa', 1913497093);
INSERT INTO pesquisador (recorded_by, gbifID) VALUES ('Beckman, Ruana; Pena, José; Souza, Raíssa', 1913497092);
INSERT INTO pesquisador (recorded_by, gbifID) VALUES ('Beckman, Ruana; Pena, José; Souza, Raíssa', 1913497091);
INSERT INTO pesquisador (recorded_by, gbifID) VALUES ('Beckman, Ruana; Pena, José; Souza, Raíssa', 1913497090);
INSERT INTO pesquisador (recorded_by, gbifID) VALUES ('Beckman, Ruana; Pena, José; Souza, Raíssa', 1913497089);
INSERT INTO pesquisador (recorded_by, gbifID) VALUES ('Beckman, Ruana; Pena, José; Souza, Raíssa', 1913497088);
INSERT INTO pesquisador (recorded_by, gbifID) VALUES ('Beckman, Ruana; Pena, José; Souza, Raíssa', 1913497087);
INSERT INTO pesquisador (recorded_by, gbifID) VALUES ('Beckman, Ruana; Pena, José; Souza, Raíssa', 1913497086);
INSERT INTO pesquisador (recorded_by, gbifID) VALUES ('Beckman, Ruana; Pena, José; Souza, Raíssa', 1913497085);
INSERT INTO pesquisador (recorded_by, gbifID) VALUES ('Beckman, Ruana; Pena, José; Souza, Raíssa', 1913497084);
INSERT INTO pesquisador (recorded_by, gbifID) VALUES ('Brogim, Rosemary', 1913497083);
INSERT INTO pesquisador (recorded_by, gbifID) VALUES ('Beckman, Ruana; Pena, José; Souza, Raíssa', 1913497082);
INSERT INTO pesquisador (recorded_by, gbifID) VALUES ('Beckman, Ruana; Pena, José; Souza, Raíssa', 1913497081);
INSERT INTO pesquisador (recorded_by, gbifID) VALUES ('Beckman, Ruana; Pena, José; Souza, Raíssa', 1913497080);
INSERT INTO pesquisador (recorded_by, gbifID) VALUES ('Beckman, Ruana; Pena, José; Souza, Raíssa', 1913497079);
INSERT INTO pesquisador (recorded_by, gbifID) VALUES ('Beckman, Ruana; Pena, José; Souza, Raíssa', 1913497078);
INSERT INTO pesquisador (recorded_by, gbifID) VALUES ('Beckman, Ruana; Pena, José; Souza, Raíssa', 1913497077);
INSERT INTO pesquisador (recorded_by, gbifID) VALUES ('Beckman, Ruana; Pena, José; Souza, Raíssa', 1913497076);
INSERT INTO pesquisador (recorded_by, gbifID) VALUES ('Beckman, Ruana; Pena, José; Souza, Raíssa', 1913497075);
INSERT INTO pesquisador (recorded_by, gbifID) VALUES ('Beckman, Ruana; Pena, José; Souza, Raíssa', 1913497074);
INSERT INTO pesquisador (recorded_by, gbifID) VALUES ('Beckman, Ruana; Pena, José; Souza, Raíssa', 1913497073);
INSERT INTO pesquisador (recorded_by, gbifID) VALUES ('Beckman, Ruana; Pena, José; Souza, Raíssa', 1913497072);
INSERT INTO pesquisador (recorded_by, gbifID) VALUES ('Beckman, Ruana; Pena, José; Souza, Raíssa', 1913497071);
INSERT INTO pesquisador (recorded_by, gbifID) VALUES ('Beckman, Ruana; Pena, José; Souza, Raíssa', 1913497070);
INSERT INTO pesquisador (recorded_by, gbifID) VALUES ('Beckman, Ruana; Pena, José; Souza, Raíssa', 1913497069);
INSERT INTO pesquisador (recorded_by, gbifID) VALUES ('Beckman, Ruana; Pena, José; Souza, Raíssa', 1913497068);
INSERT INTO pesquisador (recorded_by, gbifID) VALUES ('Beckman, Ruana; Pena, José; Souza, Raíssa', 1913497067);
INSERT INTO pesquisador (recorded_by, gbifID) VALUES ('Beckman, Ruana; Pena, José; Souza, Raíssa', 1913497066);
INSERT INTO pesquisador (recorded_by, gbifID) VALUES ('Brogim, Rosemary', 1913497065);
INSERT INTO pesquisador (recorded_by, gbifID) VALUES ('Beckman, Ruana; Pena, José; Souza, Raíssa', 1913497064);
INSERT INTO pesquisador (recorded_by, gbifID) VALUES ('Beckman, Ruana; Pena, José; Souza, Raíssa', 1913497063);
INSERT INTO pesquisador (recorded_by, gbifID) VALUES ('Beckman, Ruana; Pena, José; Souza, Raíssa', 1913497062);
INSERT INTO pesquisador (recorded_by, gbifID) VALUES ('Brogim, Rosemary', 1913497061);
INSERT INTO pesquisador (recorded_by, gbifID) VALUES ('Brogim, Rosemary', 1913497060);
INSERT INTO pesquisador (recorded_by, gbifID) VALUES ('Beckman, Ruana; Pena, José; Souza, Raíssa', 1913497059);
INSERT INTO pesquisador (recorded_by, gbifID) VALUES ('Brogim, Rosemary', 1913497058);
INSERT INTO pesquisador (recorded_by, gbifID) VALUES ('Beckman, Ruana; Pena, José; Souza, Raíssa', 1913497057);
INSERT INTO pesquisador (recorded_by, gbifID) VALUES ('Ditadi, A.S.F.', 1438492829);
INSERT INTO pesquisador (recorded_by, gbifID) VALUES ('Bittencourt, N.', 1438492828);
INSERT INTO pesquisador (recorded_by, gbifID) VALUES ('Bittencourt, N.', 1438492827);
INSERT INTO pesquisador (recorded_by, gbifID) VALUES ('Torres, M.F.; Neto, R.B.', 1438492826);
INSERT INTO pesquisador (recorded_by, gbifID) VALUES ('Overal, W.L.', 1438492825);
INSERT INTO pesquisador (recorded_by, gbifID) VALUES ('Ditadi, A.S.F.', 1438492824);
INSERT INTO pesquisador (recorded_by, gbifID) VALUES ('Dias, J.', 1438492823);
INSERT INTO pesquisador (recorded_by, gbifID) VALUES ('Dias, J.', 1438492822);
INSERT INTO pesquisador (recorded_by, gbifID) VALUES ('Muñoz, J.; Rousseau, Guillaume; Cabezas, R.', 1438492821);
INSERT INTO pesquisador (recorded_by, gbifID) VALUES ('Overal, W.L.', 1438492820);
INSERT INTO pesquisador (recorded_by, gbifID) VALUES ('Overal, W.L.', 1438492819);
INSERT INTO pesquisador (recorded_by, gbifID) VALUES ('Froehlich, E.M.', 1438492818);
INSERT INTO pesquisador (recorded_by, gbifID) VALUES ('Overal, W.L.', 1438492817);
INSERT INTO pesquisador (recorded_by, gbifID) VALUES ('dos Santos, R.; Rousseau, Guillaume', 1438492816);
INSERT INTO pesquisador (recorded_by, gbifID) VALUES ('Overal, W.L.', 1438492815);
INSERT INTO pesquisador (recorded_by, gbifID) VALUES ('dos Santos, R.; Rousseau, Guillaume', 1438492814);
INSERT INTO pesquisador (recorded_by, gbifID) VALUES ('Mascarenhas, B.; Torres, M.F.', 1438492813);
INSERT INTO pesquisador (recorded_by, gbifID) VALUES ('Overal, W.L.', 1438492812);
INSERT INTO pesquisador (recorded_by, gbifID) VALUES ('Froehlich, E.M.', 1438492811);
INSERT INTO pesquisador (recorded_by, gbifID) VALUES ('dos Santos, R.; Rousseau, Guillaume', 1438492810);
INSERT INTO pesquisador (recorded_by, gbifID) VALUES ('Muñoz, J.; Rousseau, Guillaume; Cabezas, R.', 1438492809);
INSERT INTO pesquisador (recorded_by, gbifID) VALUES ('Muñoz, J.; Rousseau, Guillaume; Cabezas, R.', 1438492808);
INSERT INTO pesquisador (recorded_by, gbifID) VALUES ('Mascarenhas, B.', 1438492807);
INSERT INTO pesquisador (recorded_by, gbifID) VALUES ('Ditadi, A.S.F.', 1438492806);
INSERT INTO pesquisador (recorded_by, gbifID) VALUES ('Nunes, A.L.', 1438492805);
INSERT INTO pesquisador (recorded_by, gbifID) VALUES ('Mascarenhas, B.', 1438492804);
INSERT INTO pesquisador (recorded_by, gbifID) VALUES ('dos Santos, R.; Rousseau, Guillaume', 1438492803);
INSERT INTO pesquisador (recorded_by, gbifID) VALUES ('Overal, W.L.', 1438492802);
INSERT INTO pesquisador (recorded_by, gbifID) VALUES ('Mascarenhas, B.', 1438492801);
INSERT INTO pesquisador (recorded_by, gbifID) VALUES ('Overal, W.L.', 1438492800);
INSERT INTO pesquisador (recorded_by, gbifID) VALUES ('dos Santos, R.; Rousseau, Guillaume', 1438492799);
INSERT INTO pesquisador (recorded_by, gbifID) VALUES ('Hernández, L.; Rousseau, Guillaume; Burgos, J.; Cabezas, R.', 1438492798);
INSERT INTO pesquisador (recorded_by, gbifID) VALUES ('Muñoz, J.; Rousseau, Guillaume; Cabezas, R.', 1438492797);
INSERT INTO pesquisador (recorded_by, gbifID) VALUES ('Hernández, L.; Rousseau, Guillaume; Burgos, J.; Cabezas, R.', 1438492796);
INSERT INTO pesquisador (recorded_by, gbifID) VALUES ('Hernández, L.; Rousseau, Guillaume; Burgos, J.; Cabezas, R.', 1438492795);
INSERT INTO pesquisador (recorded_by, gbifID) VALUES ('Hernández, L.; Rousseau, Guillaume; Burgos, J.; Cabezas, R.', 1438492794);
INSERT INTO pesquisador (recorded_by, gbifID) VALUES ('Hernández, L.; Rousseau, Guillaume; Burgos, J.; Cabezas, R.', 1438492793);
INSERT INTO pesquisador (recorded_by, gbifID) VALUES ('Overal, W.L.', 1438492792);
INSERT INTO pesquisador (recorded_by, gbifID) VALUES ('Hernández, L.; Rousseau, Guillaume; Burgos, J.; Cabezas, R.', 1438492791);
INSERT INTO pesquisador (recorded_by, gbifID) VALUES ('Hernández, L.; Rousseau, Guillaume; Burgos, J.; Cabezas, R.', 1438492790);
INSERT INTO pesquisador (recorded_by, gbifID) VALUES ('Hernández, L.; Rousseau, Guillaume; Burgos, J.; Cabezas, R.', 1438492789);
INSERT INTO pesquisador (recorded_by, gbifID) VALUES ('Muñoz, J.; Rousseau, Guillaume; Cabezas, R.', 1438492788);
INSERT INTO pesquisador (recorded_by, gbifID) VALUES ('Hernández, L.; Rousseau, Guillaume; Burgos, J.; Cabezas, R.', 1438492787);
INSERT INTO pesquisador (recorded_by, gbifID) VALUES ('Hernández, L.; Rousseau, Guillaume; Burgos, J.; Cabezas, R.', 1438492786);
INSERT INTO pesquisador (recorded_by, gbifID) VALUES ('Hernández, L.; Rousseau, Guillaume; Burgos, J.; Cabezas, R.', 1438492785);
INSERT INTO pesquisador (recorded_by, gbifID) VALUES ('Hernández, L.; Rousseau, Guillaume; Burgos, J.; Cabezas, R.', 1438492784);
INSERT INTO pesquisador (recorded_by, gbifID) VALUES ('Ditadi, A.S.F.', 1438492783);
INSERT INTO pesquisador (recorded_by, gbifID) VALUES ('Hernández, L.; Rousseau, Guillaume; Burgos, J.; Cabezas, R.', 1438492782);
INSERT INTO pesquisador (recorded_by, gbifID) VALUES ('Hernández, L.; Rousseau, Guillaume; Burgos, J.; Cabezas, R.', 1438492781);
INSERT INTO pesquisador (recorded_by, gbifID) VALUES ('Hernández, L.; Rousseau, Guillaume; Burgos, J.; Cabezas, R.', 1438492780);
INSERT INTO pesquisador (recorded_by, gbifID) VALUES ('dos Santos, R.; Rousseau, Guillaume', 1438492779);
INSERT INTO pesquisador (recorded_by, gbifID) VALUES ('Hernández, L.; Rousseau, Guillaume; Burgos, J.; Cabezas, R.', 1438492778);
INSERT INTO pesquisador (recorded_by, gbifID) VALUES ('Hernández, L.; Rousseau, Guillaume; Burgos, J.; Cabezas, R.', 1438492777);
INSERT INTO pesquisador (recorded_by, gbifID) VALUES ('Hernández, L.; Rousseau, Guillaume; Burgos, J.; Cabezas, R.', 1438492776);
INSERT INTO pesquisador (recorded_by, gbifID) VALUES ('Hernández, L.; Rousseau, Guillaume; Burgos, J.; Cabezas, R.', 1438492775);
INSERT INTO pesquisador (recorded_by, gbifID) VALUES ('Hernández, L.; Rousseau, Guillaume; Burgos, J.; Cabezas, R.', 1438492774);
INSERT INTO pesquisador (recorded_by, gbifID) VALUES ('Santos, B.; , Equipe', 1438492773);
INSERT INTO pesquisador (recorded_by, gbifID) VALUES ('Hernández, L.; Rousseau, Guillaume; Burgos, J.; Cabezas, R.', 1438492772);
INSERT INTO pesquisador (recorded_by, gbifID) VALUES ('Hernández, L.; Rousseau, Guillaume; Burgos, J.; Cabezas, R.', 1438492771);
INSERT INTO pesquisador (recorded_by, gbifID) VALUES ('Hernández, L.; Rousseau, Guillaume; Burgos, J.; Cabezas, R.', 1438492770);
INSERT INTO pesquisador (recorded_by, gbifID) VALUES ('Hernández, L.; Rousseau, Guillaume; Burgos, J.; Cabezas, R.', 1438492769);
INSERT INTO pesquisador (recorded_by, gbifID) VALUES ('Hernández, L.; Rousseau, Guillaume; Burgos, J.; Cabezas, R.', 1438492768);
INSERT INTO pesquisador (recorded_by, gbifID) VALUES ('Hernández, L.; Rousseau, Guillaume; Burgos, J.; Cabezas, R.', 1438492767);
INSERT INTO pesquisador (recorded_by, gbifID) VALUES ('Hernández, L.; Rousseau, Guillaume; Burgos, J.; Cabezas, R.', 1438492766);
INSERT INTO pesquisador (recorded_by, gbifID) VALUES ('Santos, B.; , Equipe', 1438492765);
INSERT INTO pesquisador (recorded_by, gbifID) VALUES ('Sanjuan, P.', 1438492764);
INSERT INTO pesquisador (recorded_by, gbifID) VALUES ('Hernández, L.; Rousseau, Guillaume; Burgos, J.; Cabezas, R.', 1438492763);
INSERT INTO pesquisador (recorded_by, gbifID) VALUES ('Hernández, L.; Rousseau, Guillaume; Burgos, J.; Cabezas, R.', 1438492762);
INSERT INTO pesquisador (recorded_by, gbifID) VALUES ('Santos, B.; , Equipe', 1438492761);
INSERT INTO pesquisador (recorded_by, gbifID) VALUES ('Santos, B.; , Equipe', 1438492760);
INSERT INTO pesquisador (recorded_by, gbifID) VALUES ('Santos, B.; , Equipe', 1438492759);
INSERT INTO pesquisador (recorded_by, gbifID) VALUES ('Santos, B.; , Equipe', 1438492758);
INSERT INTO pesquisador (recorded_by, gbifID) VALUES ('Muñoz, J.; Rousseau, Guillaume; Cabezas, R.', 1438492757);
INSERT INTO pesquisador (recorded_by, gbifID) VALUES ('Hernández, L.; Rousseau, Guillaume; Burgos, J.; Cabezas, R.', 1438492756);
INSERT INTO pesquisador (recorded_by, gbifID) VALUES ('nan', 1438492755);
INSERT INTO pesquisador (recorded_by, gbifID) VALUES ('Hernández, L.; Rousseau, Guillaume; Burgos, J.; Cabezas, R.', 1438492754);
INSERT INTO pesquisador (recorded_by, gbifID) VALUES ('Hernández, L.; Rousseau, Guillaume; Burgos, J.; Cabezas, R.', 1438492753);
INSERT INTO pesquisador (recorded_by, gbifID) VALUES ('Hernández, L.; Rousseau, Guillaume; Burgos, J.; Cabezas, R.', 1438492752);
INSERT INTO pesquisador (recorded_by, gbifID) VALUES ('Hernández, L.; Rousseau, Guillaume; Burgos, J.; Cabezas, R.', 1438492751);
INSERT INTO pesquisador (recorded_by, gbifID) VALUES ('Hernández, L.; Rousseau, Guillaume; Burgos, J.; Cabezas, R.', 1438492750);
INSERT INTO pesquisador (recorded_by, gbifID) VALUES ('Santos, B.; , Equipe', 1438492749);
INSERT INTO pesquisador (recorded_by, gbifID) VALUES ('Santos, B.; , Equipe', 1438492748);
INSERT INTO pesquisador (recorded_by, gbifID) VALUES ('Santos, B.; , Equipe', 1438492747);
INSERT INTO pesquisador (recorded_by, gbifID) VALUES ('Santos, B.; , Equipe', 1438492746);
INSERT INTO pesquisador (recorded_by, gbifID) VALUES ('Santos, B.; , Equipe', 1438492745);
INSERT INTO pesquisador (recorded_by, gbifID) VALUES ('Hernández, L.; Rousseau, Guillaume; Burgos, J.; Cabezas, R.', 1438492744);
INSERT INTO pesquisador (recorded_by, gbifID) VALUES ('Santos, B.; , Equipe', 1438492743);
INSERT INTO pesquisador (recorded_by, gbifID) VALUES ('Santos, B.; , Equipe', 1438492742);
INSERT INTO pesquisador (recorded_by, gbifID) VALUES ('Santos, B.; , Equipe', 1438492741);
INSERT INTO pesquisador (recorded_by, gbifID) VALUES ('Santos, B.; , Equipe', 1438492740);
INSERT INTO pesquisador (recorded_by, gbifID) VALUES ('Santos, B.; , Equipe', 1438492739);
INSERT INTO pesquisador (recorded_by, gbifID) VALUES ('Santos, B.; , Equipe', 1438492738);
INSERT INTO pesquisador (recorded_by, gbifID) VALUES ('Santos, B.; , Equipe', 1438492737);
INSERT INTO pesquisador (recorded_by, gbifID) VALUES ('Santos, B.; , Equipe', 1438492736);
INSERT INTO pesquisador (recorded_by, gbifID) VALUES ('Santos, B.; , Equipe', 1438492735);
INSERT INTO pesquisador (recorded_by, gbifID) VALUES ('Santos, B.; , Equipe', 1438492734);
INSERT INTO pesquisador (recorded_by, gbifID) VALUES ('Hernández, L.; Rousseau, Guillaume; Burgos, J.; Cabezas, R.', 1438492733);
INSERT INTO pesquisador (recorded_by, gbifID) VALUES ('Santos, B.; , Equipe', 1438492732);
INSERT INTO pesquisador (recorded_by, gbifID) VALUES ('Santos, B.; , Equipe', 1438492731);
INSERT INTO pesquisador (recorded_by, gbifID) VALUES ('Santos, B.; , Equipe', 1438492730);
INSERT INTO pesquisador (recorded_by, gbifID) VALUES ('Santos, B.; , Equipe', 1438492729);
INSERT INTO pesquisador (recorded_by, gbifID) VALUES ('Santos, B.; , Equipe', 1438492728);
INSERT INTO pesquisador (recorded_by, gbifID) VALUES ('Santos, B.; , Equipe', 1438492727);
INSERT INTO pesquisador (recorded_by, gbifID) VALUES ('Santos, B.; , Equipe', 1438492726);
INSERT INTO pesquisador (recorded_by, gbifID) VALUES ('Santos, B.; , Equipe', 1438492725);
INSERT INTO pesquisador (recorded_by, gbifID) VALUES ('Santos, B.; , Equipe', 1438492724);
INSERT INTO pesquisador (recorded_by, gbifID) VALUES ('Santos, B.; , Equipe', 1438492723);
INSERT INTO pesquisador (recorded_by, gbifID) VALUES ('Santos, B.; , Equipe', 1438492722);
INSERT INTO pesquisador (recorded_by, gbifID) VALUES ('Santos, B.; , Equipe', 1438492721);
INSERT INTO pesquisador (recorded_by, gbifID) VALUES ('Santos, B.; , Equipe', 1438492720);
INSERT INTO pesquisador (recorded_by, gbifID) VALUES ('Santos, B.; , Equipe', 1438492719);
INSERT INTO pesquisador (recorded_by, gbifID) VALUES ('Santos, B.; , Equipe', 1438492718);
INSERT INTO pesquisador (recorded_by, gbifID) VALUES ('Santos, B.; , Equipe', 1438492717);
INSERT INTO pesquisador (recorded_by, gbifID) VALUES ('Santos, B.; , Equipe', 1438492716);
INSERT INTO pesquisador (recorded_by, gbifID) VALUES ('Santos, B.; , Equipe', 1438492715);
INSERT INTO pesquisador (recorded_by, gbifID) VALUES ('Santos, B.; , Equipe', 1438492714);
INSERT INTO pesquisador (recorded_by, gbifID) VALUES ('Santos, B.; , Equipe', 1438492713);
INSERT INTO pesquisador (recorded_by, gbifID) VALUES ('Santos, B.; , Equipe', 1438492712);
INSERT INTO pesquisador (recorded_by, gbifID) VALUES ('Santos, B.; , Equipe', 1438492711);
INSERT INTO pesquisador (recorded_by, gbifID) VALUES ('Santos, B.; , Equipe', 1438492710);
INSERT INTO pesquisador (recorded_by, gbifID) VALUES ('Santos, B.; , Equipe', 1438492709);
INSERT INTO pesquisador (recorded_by, gbifID) VALUES ('Santos, B.; , Equipe', 1438492708);
INSERT INTO pesquisador (recorded_by, gbifID) VALUES ('Santos, B.; , Equipe', 1438492707);
INSERT INTO pesquisador (recorded_by, gbifID) VALUES ('Santos, B.; , Equipe', 1438492706);
INSERT INTO pesquisador (recorded_by, gbifID) VALUES ('Santos, B.; , Equipe', 1438492705);
INSERT INTO pesquisador (recorded_by, gbifID) VALUES ('Santos, B.; , Equipe', 1438492704);
INSERT INTO pesquisador (recorded_by, gbifID) VALUES ('Santos, B.; , Equipe', 1438492703);
INSERT INTO pesquisador (recorded_by, gbifID) VALUES ('Santos, B.; , Equipe', 1438492702);
INSERT INTO pesquisador (recorded_by, gbifID) VALUES ('Santos, B.; , Equipe', 1438492701);
INSERT INTO pesquisador (recorded_by, gbifID) VALUES ('Santos, B.; , Equipe', 1438492700);
INSERT INTO pesquisador (recorded_by, gbifID) VALUES ('Santos, B.; , Equipe', 1438492699);
INSERT INTO pesquisador (recorded_by, gbifID) VALUES ('Santos, B.; , Equipe', 1438492698);
INSERT INTO pesquisador (recorded_by, gbifID) VALUES ('Lavelle, P. ; , Equipe', 1438492697);
INSERT INTO pesquisador (recorded_by, gbifID) VALUES ('Santos, B.; , Equipe', 1438492696);
INSERT INTO pesquisador (recorded_by, gbifID) VALUES ('Lavelle, P. ; , Equipe', 1438492695);
INSERT INTO pesquisador (recorded_by, gbifID) VALUES ('Lavelle, P. ; , Equipe', 1438492694);
INSERT INTO pesquisador (recorded_by, gbifID) VALUES ('Santos, B.; , Equipe', 1438492693);
INSERT INTO pesquisador (recorded_by, gbifID) VALUES ('Lavelle, P. ; , Equipe', 1438492692);
INSERT INTO pesquisador (recorded_by, gbifID) VALUES ('Santos, B.; , Equipe', 1438492691);
INSERT INTO pesquisador (recorded_by, gbifID) VALUES ('Lavelle, P. ; , Equipe', 1438492690);
INSERT INTO pesquisador (recorded_by, gbifID) VALUES ('Santos, B.; , Equipe', 1438492689);
INSERT INTO pesquisador (recorded_by, gbifID) VALUES ('Lavelle, P. ; , Equipe', 1438492688);
INSERT INTO pesquisador (recorded_by, gbifID) VALUES ('Santos, B.; , Equipe', 1438492687);
INSERT INTO pesquisador (recorded_by, gbifID) VALUES ('Santos, B.; , Equipe', 1438492686);
INSERT INTO pesquisador (recorded_by, gbifID) VALUES ('Santos, B.; , Equipe', 1438492685);
INSERT INTO pesquisador (recorded_by, gbifID) VALUES ('Lavelle, P. ; , Equipe', 1438492684);
INSERT INTO pesquisador (recorded_by, gbifID) VALUES ('Lavelle, P. ; , Equipe', 1438492683);
INSERT INTO pesquisador (recorded_by, gbifID) VALUES ('Lavelle, P. ; , Equipe', 1438492682);
INSERT INTO pesquisador (recorded_by, gbifID) VALUES ('Lavelle, P. ; , Equipe', 1438492681);
INSERT INTO pesquisador (recorded_by, gbifID) VALUES ('Santos, B.; , Equipe', 1438492680);
INSERT INTO pesquisador (recorded_by, gbifID) VALUES ('Lavelle, P. ; , Equipe', 1438492679);
INSERT INTO pesquisador (recorded_by, gbifID) VALUES ('Lavelle, P. ; , Equipe', 1438492678);
INSERT INTO pesquisador (recorded_by, gbifID) VALUES ('Santos, B.; , Equipe', 1438492677);
INSERT INTO pesquisador (recorded_by, gbifID) VALUES ('Lavelle, P. ; , Equipe', 1438492676);
INSERT INTO pesquisador (recorded_by, gbifID) VALUES ('Santos, B.; , Equipe', 1438492675);
INSERT INTO pesquisador (recorded_by, gbifID) VALUES ('Lavelle, P. ; , Equipe', 1438492674);
INSERT INTO pesquisador (recorded_by, gbifID) VALUES ('Morais, G.; Borges, A.; Monteiro, E.; Cayres, S.', 1438492673);
INSERT INTO pesquisador (recorded_by, gbifID) VALUES ('Santos, B.; , Equipe', 1438492672);
INSERT INTO pesquisador (recorded_by, gbifID) VALUES ('Lavelle, P. ; , Equipe', 1438492671);
INSERT INTO pesquisador (recorded_by, gbifID) VALUES ('Morais, G.; Borges, A.; Monteiro, E.; Cayres, S.', 1438492670);
INSERT INTO pesquisador (recorded_by, gbifID) VALUES ('Lavelle, P. ; , Equipe', 1438492669);
INSERT INTO pesquisador (recorded_by, gbifID) VALUES ('Lavelle, P. ; , Equipe', 1438492668);
INSERT INTO pesquisador (recorded_by, gbifID) VALUES ('Morais, G.; Magalhães, A.M.; Monteiro, E.; Vilela, P.', 1438492667);
INSERT INTO pesquisador (recorded_by, gbifID) VALUES ('Morais, G.; Borges, A.; Magalhães, A.M.; Galvão, J.', 1438492666);
INSERT INTO pesquisador (recorded_by, gbifID) VALUES ('Teixeira, R. P.', 1438492665);
INSERT INTO pesquisador (recorded_by, gbifID) VALUES ('Lavelle, P. ; , Equipe', 1438492664);
INSERT INTO pesquisador (recorded_by, gbifID) VALUES ('Lavelle, P. ; , Equipe', 1438492663);
INSERT INTO pesquisador (recorded_by, gbifID) VALUES ('Morais, G.; Borges, A.; Magalhães, A.M.; Galvão, J.', 1438492662);
INSERT INTO pesquisador (recorded_by, gbifID) VALUES ('Morais, G.; Borges, A.; Monteiro, E.; Galvão, J.', 1438492661);
INSERT INTO pesquisador (recorded_by, gbifID) VALUES ('Santos, B.; , Equipe', 1438492660);
INSERT INTO pesquisador (recorded_by, gbifID) VALUES ('Lavelle, P. ; , Equipe', 1438492659);
INSERT INTO pesquisador (recorded_by, gbifID) VALUES ('Lavelle, P. ; , Equipe', 1438492658);
INSERT INTO pesquisador (recorded_by, gbifID) VALUES ('Lavelle, P. ; , Equipe', 1438492657);
INSERT INTO pesquisador (recorded_by, gbifID) VALUES ('Santos, B.; , Equipe', 1438492656);
INSERT INTO pesquisador (recorded_by, gbifID) VALUES ('Lavelle, P. ; , Equipe', 1438492655);
INSERT INTO pesquisador (recorded_by, gbifID) VALUES ('Lavelle, P. ; , Equipe', 1438492654);
INSERT INTO pesquisador (recorded_by, gbifID) VALUES ('Morais, G.; Borges, A.; Monteiro, E.; Galvão, J.', 1438492653);
INSERT INTO pesquisador (recorded_by, gbifID) VALUES ('Lavelle, P. ; , Equipe', 1438492652);
INSERT INTO pesquisador (recorded_by, gbifID) VALUES ('Lavelle, P. ; , Equipe', 1438492651);
INSERT INTO pesquisador (recorded_by, gbifID) VALUES ('Lavelle, P. ; , Equipe', 1438492650);
INSERT INTO pesquisador (recorded_by, gbifID) VALUES ('Lavelle, P. ; , Equipe', 1438492649);
INSERT INTO pesquisador (recorded_by, gbifID) VALUES ('Decaëns,  T.;  Lopes, A. M.', 1438492648);
INSERT INTO pesquisador (recorded_by, gbifID) VALUES ('Morais, G.; Borges, A.; Monteiro, E.; Galvão, J.', 1438492647);
INSERT INTO pesquisador (recorded_by, gbifID) VALUES ('Lavelle, P. ; , Equipe', 1438492646);
INSERT INTO pesquisador (recorded_by, gbifID) VALUES ('Morais, G.; Borges, A.; Lobato, Cléo; Bastos, R.', 1438492645);
INSERT INTO pesquisador (recorded_by, gbifID) VALUES ('Morais, G.; Magalhães, A.M.; Monteiro, E.; Vilela, P.', 1438492644);
INSERT INTO pesquisador (recorded_by, gbifID) VALUES ('Morais, G.; Borges, A.; Magalhães, A.M.; Galvão, J.', 1438492643);
INSERT INTO pesquisador (recorded_by, gbifID) VALUES ('Morais, G.; Borges, A.; Monteiro, E.; Cayres, S.', 1438492642);
INSERT INTO pesquisador (recorded_by, gbifID) VALUES ('Lavelle, P. ; , Equipe', 1438492641);
INSERT INTO pesquisador (recorded_by, gbifID) VALUES ('Morais, G.; Borges, A.; Magalhães, A.M.; Cayres, S.', 1438492640);
INSERT INTO pesquisador (recorded_by, gbifID) VALUES ('Morais, G.; Borges, A.; Monteiro, E.; Cayres, S.', 1438492639);
INSERT INTO pesquisador (recorded_by, gbifID) VALUES ('Morais, G.; Magalhães, A.M.; Monteiro, E.; Vilela, P.', 1438492638);
INSERT INTO pesquisador (recorded_by, gbifID) VALUES ('Decaëns,  T.;  Lopes, A. M.', 1438492637);
INSERT INTO pesquisador (recorded_by, gbifID) VALUES ('Morais, G.; Magalhães, A.M.; Monteiro, E.; Vilela, P.', 1438492636);
INSERT INTO pesquisador (recorded_by, gbifID) VALUES ('Morais, G.; Magalhães, A.M.; Monteiro, E.; Vilela, P.', 1438492635);
INSERT INTO pesquisador (recorded_by, gbifID) VALUES ('Decaëns,  T.;  Lopes, A. M.', 1438492634);
INSERT INTO pesquisador (recorded_by, gbifID) VALUES ('Decaëns,  T.', 1438492633);
INSERT INTO pesquisador (recorded_by, gbifID) VALUES ('Decaëns,  T.;  Lopes, A. M.', 1438492632);
INSERT INTO pesquisador (recorded_by, gbifID) VALUES ('Morais, G.; Magalhães, A.M.; Monteiro, E.; Vilela, P.', 1438492631);
INSERT INTO pesquisador (recorded_by, gbifID) VALUES ('Morais, G.; Magalhães, A.M.; Monteiro, E.; Vilela, P.', 1438492630);
INSERT INTO pesquisador (recorded_by, gbifID) VALUES ('Morais, G.; Borges, A.; Magalhães, A.M.; Cayres, S.', 1438492629);
INSERT INTO pesquisador (recorded_by, gbifID) VALUES ('Decaëns,  T.;  Lopes, A. M.', 1438492628);
INSERT INTO pesquisador (recorded_by, gbifID) VALUES ('Morais, G.; Borges, A.; Lobato, C.; Bastos, R.', 1438492627);
INSERT INTO pesquisador (recorded_by, gbifID) VALUES ('Morais, G.; Borges, A.; Monteiro, E.; Cayres, S.', 1438492626);
INSERT INTO pesquisador (recorded_by, gbifID) VALUES ('Morais, G.; Borges, A.; Magalhães, A.M.; Galvão, J.', 1438492625);
INSERT INTO pesquisador (recorded_by, gbifID) VALUES ('Morais, G.; Magalhães, A.M.; Monteiro, E.; Vilela, P.', 1438492624);
INSERT INTO pesquisador (recorded_by, gbifID) VALUES ('Morais, G.; Borges, A.; Magalhães, A.M.; Cayres, S.', 1438492623);
INSERT INTO pesquisador (recorded_by, gbifID) VALUES ('Decaëns,  T.;  Lopes, A. M.', 1438492622);
INSERT INTO pesquisador (recorded_by, gbifID) VALUES ('Decaëns,  T.;  Lopes, A. M.', 1438492621);
INSERT INTO pesquisador (recorded_by, gbifID) VALUES ('Decaëns,  T.;  Lopes, A. M.', 1438492620);
INSERT INTO pesquisador (recorded_by, gbifID) VALUES ('Morais, G.; Borges, A.; Magalhães, A.M.; Galvão, J.', 1438492619);
INSERT INTO pesquisador (recorded_by, gbifID) VALUES ('Decaëns,  T.;  Lopes, A. M.', 1438492618);
INSERT INTO pesquisador (recorded_by, gbifID) VALUES ('Decaëns,  T.;  Lopes, A. M.', 1438492617);
INSERT INTO pesquisador (recorded_by, gbifID) VALUES ('Decaëns,  T.;  Lopes, A. M.', 1438492616);
INSERT INTO pesquisador (recorded_by, gbifID) VALUES ('Decaëns,  T.;  Lopes, A. M.', 1438492615);
INSERT INTO pesquisador (recorded_by, gbifID) VALUES ('Decaëns,  T.;  Lopes, A. M.', 1438492614);
INSERT INTO pesquisador (recorded_by, gbifID) VALUES ('Decaëns,  T.;  Lopes, A. M.', 1438492613);
INSERT INTO pesquisador (recorded_by, gbifID) VALUES ('Decaëns,  T.;  Lopes, A. M.', 1438492612);
INSERT INTO pesquisador (recorded_by, gbifID) VALUES ('Decaëns,  T.;  Lopes, A. M.', 1438492611);
INSERT INTO pesquisador (recorded_by, gbifID) VALUES ('Decaëns,  T.;  Lopes, A. M.', 1438492610);
INSERT INTO pesquisador (recorded_by, gbifID) VALUES ('Decaëns,  T.;  Lopes, A. M.', 1438492609);
INSERT INTO pesquisador (recorded_by, gbifID) VALUES ('Decaëns,  T.;  Lopes, A. M.', 1438492608);
INSERT INTO pesquisador (recorded_by, gbifID) VALUES ('Decaëns,  T.;  Lopes, A. M.', 1438492607);
INSERT INTO pesquisador (recorded_by, gbifID) VALUES ('Decaëns,  T.;  Lopes, A. M.', 1438492606);
INSERT INTO pesquisador (recorded_by, gbifID) VALUES ('Decaëns,  T.;  Lopes, A. M.', 1438492605);
INSERT INTO pesquisador (recorded_by, gbifID) VALUES ('Decaëns,  T.;  Lopes, A. M.', 1438492604);
INSERT INTO pesquisador (recorded_by, gbifID) VALUES ('Decaëns,  T.;  Lopes, A. M.', 1438492603);
INSERT INTO pesquisador (recorded_by, gbifID) VALUES ('Decaëns,  T.;  Lopes, A. M.', 1438492602);
INSERT INTO pesquisador (recorded_by, gbifID) VALUES ('Decaëns,  T.;  Lopes, A. M.', 1438492601);
INSERT INTO pesquisador (recorded_by, gbifID) VALUES ('Decaëns,  T.;  Lopes, A. M.', 1438492600);
INSERT INTO pesquisador (recorded_by, gbifID) VALUES ('Decaëns,  T.;  Lopes, A. M.', 1438492599);
INSERT INTO pesquisador (recorded_by, gbifID) VALUES ('Decaëns,  T.;  Lopes, A. M.', 1438492598);
INSERT INTO pesquisador (recorded_by, gbifID) VALUES ('Decaëns,  T.;  Lopes, A. M.', 1438492597);
INSERT INTO pesquisador (recorded_by, gbifID) VALUES ('Decaëns,  T.;  Lopes, A. M.', 1438492596);
INSERT INTO pesquisador (recorded_by, gbifID) VALUES ('Decaëns,  T.;  Lopes, A. M.', 1438492595);
INSERT INTO pesquisador (recorded_by, gbifID) VALUES ('Decaëns,  T.;  Lopes, A. M.', 1438492594);
INSERT INTO pesquisador (recorded_by, gbifID) VALUES ('Decaëns,  T.;  Lopes, A. M.', 1438492593);
INSERT INTO pesquisador (recorded_by, gbifID) VALUES ('Decaëns,  T.;  Lopes, A. M.', 1438492592);
INSERT INTO pesquisador (recorded_by, gbifID) VALUES ('Decaëns,  T.;  Lopes, A. M.', 1438492591);
INSERT INTO pesquisador (recorded_by, gbifID) VALUES ('Decaëns,  T.;  Lopes, A. M.', 1438492590);
INSERT INTO pesquisador (recorded_by, gbifID) VALUES ('Decaëns,  T.;  Lopes, A. M.', 1438492589);
INSERT INTO pesquisador (recorded_by, gbifID) VALUES ('Decaëns,  T.;  Lopes, A. M.', 1438492588);
INSERT INTO pesquisador (recorded_by, gbifID) VALUES ('Decaëns,  T.;  Lopes, A. M.', 1438492587);
INSERT INTO pesquisador (recorded_by, gbifID) VALUES ('Decaëns,  T.;  Lopes, A. M.', 1438492586);
INSERT INTO pesquisador (recorded_by, gbifID) VALUES ('Decaëns,  T.;  Lopes, A. M.', 1438492585);
INSERT INTO pesquisador (recorded_by, gbifID) VALUES ('Decaëns,  T.;  Lopes, A. M.', 1438492584);
INSERT INTO pesquisador (recorded_by, gbifID) VALUES ('Decaëns,  T.;  Lopes, A. M.', 1438492583);
INSERT INTO pesquisador (recorded_by, gbifID) VALUES ('Decaëns,  T.;  Lopes, A. M.', 1438492582);
INSERT INTO pesquisador (recorded_by, gbifID) VALUES ('Decaëns,  T.;  Lopes, A. M.', 1438492581);
INSERT INTO pesquisador (recorded_by, gbifID) VALUES ('Decaëns,  T.;  Lopes, A. M.', 1438492580);
INSERT INTO pesquisador (recorded_by, gbifID) VALUES ('Decaëns,  T.;  Lopes, A. M.', 1438492579);
INSERT INTO pesquisador (recorded_by, gbifID) VALUES ('Decaëns,  T.;  Lopes, A. M.', 1438492578);
INSERT INTO pesquisador (recorded_by, gbifID) VALUES ('Decaëns,  T.;  Lopes, A. M.', 1438492577);
INSERT INTO pesquisador (recorded_by, gbifID) VALUES ('Decaëns,  T.;  Lopes, A. M.', 1438492576);
INSERT INTO pesquisador (recorded_by, gbifID) VALUES ('Decaëns,  T.;  Lopes, A. M.', 1438492575);
INSERT INTO pesquisador (recorded_by, gbifID) VALUES ('Decaëns,  T.;  Lopes, A. M.', 1438492574);
INSERT INTO pesquisador (recorded_by, gbifID) VALUES ('Decaëns,  T.;  Lopes, A. M.', 1438492573);
INSERT INTO pesquisador (recorded_by, gbifID) VALUES ('Decaëns,  T.;  Lopes, A. M.', 1438492572);
INSERT INTO pesquisador (recorded_by, gbifID) VALUES ('Decaëns,  T.;  Lopes, A. M.', 1438492571);
INSERT INTO pesquisador (recorded_by, gbifID) VALUES ('Decaëns,  T.;  Lopes, A. M.', 1438492570);
INSERT INTO pesquisador (recorded_by, gbifID) VALUES ('Decaëns,  T.;  Lopes, A. M.', 1438492569);
INSERT INTO pesquisador (recorded_by, gbifID) VALUES ('Decaëns,  T.;  Lopes, A. M.', 1438492568);
INSERT INTO pesquisador (recorded_by, gbifID) VALUES ('Decaëns,  T.;  Lopes, A. M.', 1438492567);
INSERT INTO pesquisador (recorded_by, gbifID) VALUES ('Decaëns,  T.;  Lopes, A. M.', 1438492566);
INSERT INTO pesquisador (recorded_by, gbifID) VALUES ('Decaëns,  T.;  Lopes, A. M.', 1438492565);
INSERT INTO pesquisador (recorded_by, gbifID) VALUES ('Decaëns,  T.;  Lopes, A. M.', 1438492564);
INSERT INTO pesquisador (recorded_by, gbifID) VALUES ('Decaëns,  T.;  Lopes, A. M.', 1438492563);
INSERT INTO pesquisador (recorded_by, gbifID) VALUES ('Decaëns,  T.;  Lopes, A. M.', 1438492562);
INSERT INTO pesquisador (recorded_by, gbifID) VALUES ('Decaëns,  T.;  Lopes, A. M.', 1438492561);
INSERT INTO pesquisador (recorded_by, gbifID) VALUES ('Decaëns,  T.;  Lopes, A. M.', 1438492560);
INSERT INTO pesquisador (recorded_by, gbifID) VALUES ('Decaëns,  T.;  Lopes, A. M.', 1438492559);
INSERT INTO pesquisador (recorded_by, gbifID) VALUES ('Decaëns,  T.;  Lopes, A. M.', 1438492558);
INSERT INTO pesquisador (recorded_by, gbifID) VALUES ('Decaëns,  T.;  Lopes, A. M.', 1438492557);
INSERT INTO pesquisador (recorded_by, gbifID) VALUES ('Decaëns,  T.;  Lopes, A. M.', 1438492556);
INSERT INTO pesquisador (recorded_by, gbifID) VALUES ('Decaëns,  T.;  Lopes, A. M.', 1438492555);
INSERT INTO pesquisador (recorded_by, gbifID) VALUES ('Decaëns,  T.;  Lopes, A. M.', 1438492554);
INSERT INTO pesquisador (recorded_by, gbifID) VALUES ('Decaëns,  T.;  Lopes, A. M.', 1438492553);
INSERT INTO pesquisador (recorded_by, gbifID) VALUES ('Decaëns,  T.;  Lopes, A. M.', 1438492552);
INSERT INTO pesquisador (recorded_by, gbifID) VALUES ('Decaëns,  T.;  Lopes, A. M.', 1438492551);
INSERT INTO pesquisador (recorded_by, gbifID) VALUES ('Decaëns,  T.;  Lopes, A. M.', 1438492550);
INSERT INTO pesquisador (recorded_by, gbifID) VALUES ('Decaëns,  T.;  Lopes, A. M.', 1438492549);
INSERT INTO pesquisador (recorded_by, gbifID) VALUES ('Decaëns,  T.;  Lopes, A. M.', 1438492548);
INSERT INTO pesquisador (recorded_by, gbifID) VALUES ('Decaëns,  T.;  Lopes, A. M.', 1438492547);
INSERT INTO pesquisador (recorded_by, gbifID) VALUES ('Decaëns,  T.;  Lopes, A. M.', 1438492546);
INSERT INTO pesquisador (recorded_by, gbifID) VALUES ('Lavelle, P. ; ,  Equipe', 1438492545);
INSERT INTO pesquisador (recorded_by, gbifID) VALUES ('Decaëns,  T.;  Lopes, A. M.', 1438492544);
INSERT INTO pesquisador (recorded_by, gbifID) VALUES ('Decaëns,  T.;  Lopes, A. M.', 1438492543);
INSERT INTO pesquisador (recorded_by, gbifID) VALUES ('Decaëns,  T.;  Lopes, A. M.', 1438492542);
INSERT INTO pesquisador (recorded_by, gbifID) VALUES ('Lavelle, P. ; ,  Equipe', 1438492541);
INSERT INTO pesquisador (recorded_by, gbifID) VALUES ('Decaëns,  T.;  Lopes, A. M.', 1438492540);
INSERT INTO pesquisador (recorded_by, gbifID) VALUES ('Lavelle, P. ; ,  Equipe', 1438492539);
INSERT INTO pesquisador (recorded_by, gbifID) VALUES ('Decaëns,  T.;  Lopes, A. M.', 1438492538);
INSERT INTO pesquisador (recorded_by, gbifID) VALUES ('Decaëns,  T.;  Lopes, A. M.', 1438492537);
INSERT INTO pesquisador (recorded_by, gbifID) VALUES ('Decaëns,  T.;  Lopes, A. M.', 1438492536);
INSERT INTO pesquisador (recorded_by, gbifID) VALUES ('Decaëns,  T.;  Lopes, A. M.', 1438492535);
INSERT INTO pesquisador (recorded_by, gbifID) VALUES ('Decaëns,  T.;  Lopes, A. M.', 1438492534);
INSERT INTO pesquisador (recorded_by, gbifID) VALUES ('Lavelle, P. ; ,  Equipe', 1438492533);
INSERT INTO pesquisador (recorded_by, gbifID) VALUES ('Lavelle, P. ; ,  Equipe', 1438492532);
INSERT INTO pesquisador (recorded_by, gbifID) VALUES ('Lavelle, P. ; ,  Equipe', 1438492531);
INSERT INTO pesquisador (recorded_by, gbifID) VALUES ('Lavelle, P. ; ,  Equipe', 1438492530);
INSERT INTO pesquisador (recorded_by, gbifID) VALUES ('Decaëns,  T.;  Lopes, A. M.', 1438492529);
INSERT INTO pesquisador (recorded_by, gbifID) VALUES ('Lavelle, P. ; ,  Equipe', 1438492528);
INSERT INTO pesquisador (recorded_by, gbifID) VALUES ('Lavelle, P. ; ,  Equipe', 1438492527);
INSERT INTO pesquisador (recorded_by, gbifID) VALUES ('Decaëns,  T.;  Lopes, A. M.', 1438492526);
INSERT INTO pesquisador (recorded_by, gbifID) VALUES ('Decaëns,  T.;  Lopes, A. M.', 1438492525);
INSERT INTO pesquisador (recorded_by, gbifID) VALUES ('Decaëns,  T.;  Lopes, A. M.', 1438492524);
INSERT INTO pesquisador (recorded_by, gbifID) VALUES ('Decaëns,  T.;  Lopes, A. M.', 1438492523);
INSERT INTO pesquisador (recorded_by, gbifID) VALUES ('Decaëns,  T.;  Lopes, A. M.', 1438492522);
INSERT INTO pesquisador (recorded_by, gbifID) VALUES ('Lavelle, P. ; ,  Equipe', 1438492521);
INSERT INTO pesquisador (recorded_by, gbifID) VALUES ('Lavelle, P. ; ,  Equipe', 1438492520);
INSERT INTO pesquisador (recorded_by, gbifID) VALUES ('Lavelle, P. ; ,  Equipe', 1438492519);
INSERT INTO pesquisador (recorded_by, gbifID) VALUES ('Lavelle, P. ; ,  Equipe', 1438492518);
INSERT INTO pesquisador (recorded_by, gbifID) VALUES ('Lavelle, P. ; ,  Equipe', 1438492517);
INSERT INTO pesquisador (recorded_by, gbifID) VALUES ('Lavelle, P. ; ,  Equipe', 1438492516);
INSERT INTO pesquisador (recorded_by, gbifID) VALUES ('Lavelle, P. ; ,  Equipe', 1438492515);
INSERT INTO pesquisador (recorded_by, gbifID) VALUES ('Lavelle, P. ; ,  Equipe', 1438492514);
INSERT INTO pesquisador (recorded_by, gbifID) VALUES ('Lavelle, P. ; ,  Equipe', 1438492513);
INSERT INTO pesquisador (recorded_by, gbifID) VALUES ('Lavelle, P. ; ,  Equipe', 1438492512);
INSERT INTO pesquisador (recorded_by, gbifID) VALUES ('Lavelle, P. ; ,  Equipe', 1438492511);
INSERT INTO pesquisador (recorded_by, gbifID) VALUES ('Lavelle, P. ; ,  Equipe', 1438492510);
INSERT INTO pesquisador (recorded_by, gbifID) VALUES ('Lavelle, P. ; ,  Equipe', 1438492509);
INSERT INTO pesquisador (recorded_by, gbifID) VALUES ('Lavelle, P. ; ,  Equipe', 1438492508);
INSERT INTO pesquisador (recorded_by, gbifID) VALUES ('Lavelle, P. ; ,  Equipe', 1438492507);
INSERT INTO pesquisador (recorded_by, gbifID) VALUES ('Lavelle, P. ; ,  Equipe', 1438492506);
INSERT INTO pesquisador (recorded_by, gbifID) VALUES ('Lavelle, P. ; ,  Equipe', 1438492505);
INSERT INTO pesquisador (recorded_by, gbifID) VALUES ('Lavelle, P. ; ,  Equipe', 1438492504);
INSERT INTO pesquisador (recorded_by, gbifID) VALUES ('Lavelle, P. ; ,  Equipe', 1438492503);
INSERT INTO pesquisador (recorded_by, gbifID) VALUES ('Lavelle, P. ; ,  Equipe', 1438492502);
INSERT INTO pesquisador (recorded_by, gbifID) VALUES ('Lavelle, P. ; ,  Equipe', 1438492501);
INSERT INTO pesquisador (recorded_by, gbifID) VALUES ('Lavelle, P. ; ,  Equipe', 1438492500);
INSERT INTO pesquisador (recorded_by, gbifID) VALUES ('Lavelle, P. ; ,  Equipe', 1438492499);
INSERT INTO pesquisador (recorded_by, gbifID) VALUES ('Lavelle, P. ; ,  Equipe', 1438492498);
INSERT INTO pesquisador (recorded_by, gbifID) VALUES ('Lavelle, P. ; ,  Equipe', 1438492497);
INSERT INTO pesquisador (recorded_by, gbifID) VALUES ('Lavelle, P. ; ,  Equipe', 1438492496);
INSERT INTO pesquisador (recorded_by, gbifID) VALUES ('Lavelle, P. ; ,  Equipe', 1438492495);
INSERT INTO pesquisador (recorded_by, gbifID) VALUES ('Lavelle, P. ; ,  Equipe', 1438492494);
INSERT INTO pesquisador (recorded_by, gbifID) VALUES ('Lavelle, P. ; ,  Equipe', 1438492493);
INSERT INTO pesquisador (recorded_by, gbifID) VALUES ('Lavelle, P. ; ,  Equipe', 1438492492);
INSERT INTO pesquisador (recorded_by, gbifID) VALUES ('Lavelle, P. ; ,  Equipe', 1438492491);
INSERT INTO pesquisador (recorded_by, gbifID) VALUES ('Lavelle, P. ; ,  Equipe', 1438492490);
INSERT INTO pesquisador (recorded_by, gbifID) VALUES ('Lavelle, P. ; ,  Equipe', 1438492489);
INSERT INTO pesquisador (recorded_by, gbifID) VALUES ('Lavelle, P. ; ,  Equipe', 1438492488);
INSERT INTO pesquisador (recorded_by, gbifID) VALUES ('Lavelle, P. ; ,  Equipe', 1438492487);
INSERT INTO pesquisador (recorded_by, gbifID) VALUES ('Lavelle, P. ; ,  Equipe', 1438492486);
INSERT INTO pesquisador (recorded_by, gbifID) VALUES ('Lavelle, P. ; ,  Equipe', 1438492485);
INSERT INTO pesquisador (recorded_by, gbifID) VALUES ('Lavelle, P. ; ,  Equipe', 1438492484);
INSERT INTO pesquisador (recorded_by, gbifID) VALUES ('Lavelle, P. ; ,  Equipe', 1438492483);
INSERT INTO pesquisador (recorded_by, gbifID) VALUES ('Lavelle, P. ; ,  Equipe', 1438492482);
INSERT INTO pesquisador (recorded_by, gbifID) VALUES ('Lavelle, P. ; ,  Equipe', 1438492481);
INSERT INTO pesquisador (recorded_by, gbifID) VALUES ('Lavelle, P. ; ,  Equipe', 1438492480);
INSERT INTO pesquisador (recorded_by, gbifID) VALUES ('Lavelle, P. ; ,  Equipe', 1438492479);
INSERT INTO pesquisador (recorded_by, gbifID) VALUES ('Lavelle, P. ; ,  Equipe', 1438492478);
INSERT INTO pesquisador (recorded_by, gbifID) VALUES ('Lavelle, P. ; ,  Equipe', 1438492477);
INSERT INTO pesquisador (recorded_by, gbifID) VALUES ('Lavelle, P. ; ,  Equipe', 1438492476);
INSERT INTO pesquisador (recorded_by, gbifID) VALUES ('Lavelle, P. ; ,  Equipe', 1438492475);
INSERT INTO pesquisador (recorded_by, gbifID) VALUES ('Lavelle, P. ; ,  Equipe', 1438492474);
INSERT INTO pesquisador (recorded_by, gbifID) VALUES ('Lavelle, P. ; ,  Equipe', 1438492473);
INSERT INTO pesquisador (recorded_by, gbifID) VALUES ('Lavelle, P. ; ,  Equipe', 1438492472);
INSERT INTO pesquisador (recorded_by, gbifID) VALUES ('Lavelle, P. ; ,  Equipe', 1438492471);
